timestamp,ax,ay,az,gx,gy,gz,flex1,flex2,flex3,flex4,flex5,emg1,emg2,emg3
2025-03-20 15:41:39.428,-481.0,-666.0,561.0,26.0,3.0,0.0,121,76,131,98,98
2025-03-20 15:41:39.435,-443.0,-656.0,545.0,15.0,0.0,-8.0,120,76,132,99,98
2025-03-20 15:41:39.437,-408.0,-704.0,539.0,16.0,-8.0,-12.0,120,76,131,99,97
2025-03-20 15:41:39.439,-345.0,-713.0,572.0,17.0,-5.0,-12.0,121,76,131,99,97
2025-03-20 15:41:39.442,-344.0,-714.0,556.0,26.0,-7.0,-10.0,119,76,130,98,95
2025-03-20 15:41:39.444,-332.0,-695.0,586.0,29.0,-6.0,-7.0,119,75,129,97,96
2025-03-20 15:41:39.446,-320.0,-672.0,626.0,33.0,-3.0,-9.0,120,75,130,97,95
2025-03-20 15:41:39.446,-313.0,-712.0,609.0,31.0,2.0,-8.0,120,76,131,99,97
2025-03-20 15:41:39.452,-326.0,-730.0,634.0,35.0,5.0,-5.0,121,75,130,99,97
2025-03-20 15:41:39.455,-357.0,-694.0,614.0,33.0,7.0,-4.0,121,77,131,98,96
2025-03-20 15:41:39.477,-370.0,-677.0,637.0,25.0,5.0,-6.0,121,77,130,99,96
2025-03-20 15:41:39.501,-369.0,-659.0,639.0,12.0,5.0,-10.0,122,77,132,99,97
2025-03-20 15:41:39.526,-362.0,-723.0,625.0,3.0,4.0,-12.0,120,75,131,98,96
2025-03-20 15:41:39.550,-352.0,-752.0,610.0,2.0,6.0,-10.0,120,76,131,99,96
2025-03-20 15:41:39.575,-356.0,-731.0,599.0,-2.0,6.0,-7.0,120,75,130,100,96
2025-03-20 15:41:39.598,-381.0,-723.0,580.0,-6.0,6.0,-3.0,120,75,130,98,96
2025-03-20 15:41:39.623,-396.0,-706.0,551.0,-9.0,2.0,-2.0,122,77,132,99,98
2025-03-20 15:41:39.647,-425.0,-673.0,497.0,-11.0,-4.0,-3.0,122,78,131,100,97
2025-03-20 15:41:39.669,-405.0,-660.0,546.0,-10.0,-7.0,-3.0,123,78,132,100,98
2025-03-20 15:41:39.694,-419.0,-661.0,549.0,-9.0,-6.0,-3.0,123,78,132,100,100
2025-03-20 15:41:39.718,-423.0,-647.0,520.0,-6.0,-12.0,-6.0,123,77,130,99,97
2025-03-20 15:41:39.742,-408.0,-660.0,580.0,-12.0,-19.0,-14.0,122,74,129,96,96
2025-03-20 15:41:39.766,-366.0,-753.0,633.0,-12.0,-19.0,-15.0,121,74,127,97,95
2025-03-20 15:41:39.791,-341.0,-786.0,648.0,4.0,-17.0,-8.0,121,74,129,97,95
2025-03-20 15:41:39.815,-314.0,-760.0,741.0,3.0,-11.0,-4.0,121,74,129,99,95
2025-03-20 15:41:39.837,-339.0,-773.0,734.0,1.0,-11.0,-1.0,123,77,130,99,96
2025-03-20 15:41:39.859,-325.0,-731.0,785.0,-5.0,-6.0,1.0,124,77,130,101,98
2025-03-20 15:41:39.886,-343.0,-762.0,728.0,-3.0,-1.0,0.0,125,77,130,100,98
2025-03-20 15:41:39.907,-346.0,-784.0,722.0,0.0,-1.0,4.0,124,76,132,101,98
2025-03-20 15:41:39.935,-345.0,-750.0,682.0,-4.0,2.0,8.0,124,77,129,100,96
2025-03-20 15:41:39.959,-337.0,-714.0,665.0,0.0,6.0,7.0,123,76,127,98,96
2025-03-20 15:41:39.983,-343.0,-693.0,594.0,0.0,4.0,8.0,122,76,128,98,100
2025-03-20 15:41:40.005,-357.0,-675.0,578.0,1.0,1.0,7.0,122,75,127,98,96
2025-03-20 15:41:40.030,-366.0,-686.0,628.0,2.0,-1.0,7.0,125,77,130,100,96
2025-03-20 15:41:40.054,-364.0,-674.0,650.0,5.0,-1.0,7.0,124,75,129,101,97
2025-03-20 15:41:40.079,-386.0,-678.0,642.0,6.0,1.0,5.0,124,78,130,100,97
2025-03-20 15:41:40.103,-397.0,-650.0,640.0,2.0,-2.0,4.0,123,77,132,100,97
2025-03-20 15:41:40.125,-379.0,-669.0,638.0,-1.0,-2.0,1.0,124,79,132,99,97
2025-03-20 15:41:40.149,-391.0,-693.0,645.0,2.0,-2.0,1.0,122,75,128,98,95
2025-03-20 15:41:40.174,-391.0,-667.0,655.0,3.0,-1.0,0.0,122,76,127,98,95
2025-03-20 15:41:40.198,-376.0,-669.0,649.0,0.0,0.0,-2.0,122,76,129,98,96
2025-03-20 15:41:40.222,-405.0,-714.0,608.0,3.0,3.0,-1.0,122,75,131,99,96
2025-03-20 15:41:40.246,-379.0,-702.0,634.0,-2.0,-1.0,0.0,123,77,129,99,96
2025-03-20 15:41:40.271,-366.0,-678.0,656.0,0.0,-1.0,-1.0,123,78,130,100,97
2025-03-20 15:41:40.294,-351.0,-686.0,719.0,2.0,1.0,-1.0,124,75,129,99,97
2025-03-20 15:41:40.319,-369.0,-709.0,638.0,4.0,-2.0,1.0,123,78,131,99,98
2025-03-20 15:41:40.341,-389.0,-688.0,675.0,2.0,-3.0,1.0,122,77,129,102,97
2025-03-20 15:41:40.365,-369.0,-671.0,665.0,-2.0,-2.0,-2.0,122,76,129,99,96
2025-03-20 15:41:40.390,-369.0,-694.0,672.0,2.0,-2.0,-1.0,122,76,129,97,95
2025-03-20 15:41:40.414,-365.0,-682.0,666.0,1.0,-2.0,-1.0,122,77,129,98,96
2025-03-20 15:41:40.439,-371.0,-697.0,675.0,-1.0,-1.0,0.0,123,78,128,100,97
2025-03-20 15:41:40.463,-368.0,-686.0,682.0,0.0,1.0,0.0,123,79,130,99,96
2025-03-20 15:41:40.487,-392.0,-675.0,632.0,-1.0,1.0,0.0,123,77,131,98,98
2025-03-20 15:41:40.509,-370.0,-688.0,668.0,-2.0,0.0,-1.0,122,80,130,100,98
2025-03-20 15:41:40.533,-376.0,-679.0,651.0,-2.0,2.0,-1.0,123,80,131,100,98
2025-03-20 15:41:40.558,-380.0,-684.0,637.0,-1.0,0.0,-1.0,121,76,129,97,94
2025-03-20 15:41:40.582,-383.0,-691.0,653.0,1.0,-1.0,0.0,122,77,129,99,96
2025-03-20 15:41:40.607,-381.0,-678.0,664.0,-2.0,-1.0,-1.0,122,76,129,98,95
2025-03-20 15:41:40.631,-376.0,-698.0,664.0,-1.0,0.0,-1.0,122,74,130,99,94
2025-03-20 15:41:40.656,-379.0,-689.0,658.0,-1.0,0.0,0.0,125,77,129,104,99
2025-03-20 15:41:40.680,-391.0,-686.0,659.0,-1.0,-1.0,0.0,123,77,131,101,97
2025-03-20 15:41:40.701,-387.0,-683.0,659.0,-2.0,0.0,-1.0,123,77,129,99,97
2025-03-20 15:41:40.725,-387.0,-696.0,626.0,0.0,1.0,0.0,124,77,130,100,97
2025-03-20 15:41:40.750,-378.0,-679.0,652.0,-1.0,0.0,0.0,123,78,130,100,96
2025-03-20 15:41:40.773,-380.0,-673.0,638.0,-1.0,-2.0,0.0,122,76,128,93,95
2025-03-20 15:41:40.798,-378.0,-678.0,649.0,-1.0,-2.0,-1.0,121,76,128,99,95
2025-03-20 15:41:40.824,-375.0,-672.0,658.0,0.0,-1.0,-1.0,121,75,129,99,96
2025-03-20 15:41:40.848,-385.0,-692.0,643.0,-1.0,-2.0,-2.0,122,77,129,98,96
2025-03-20 15:41:40.869,-372.0,-691.0,664.0,1.0,-2.0,-1.0,123,78,129,102,95
2025-03-20 15:41:40.893,-381.0,-677.0,681.0,0.0,-2.0,0.0,123,78,130,100,97
2025-03-20 15:41:40.918,-385.0,-686.0,679.0,-2.0,-1.0,-1.0,124,77,131,100,96
2025-03-20 15:41:40.942,-380.0,-688.0,667.0,-1.0,0.0,0.0,124,78,131,99,97
2025-03-20 15:41:40.955,-390.0,-676.0,657.0,0.0,-1.0,-1.0,121,76,129,99,95
2025-03-20 15:41:40.991,-394.0,-688.0,661.0,0.0,-1.0,-1.0,122,76,127,98,96
2025-03-20 15:41:41.012,-383.0,-683.0,671.0,0.0,0.0,-1.0,125,76,129,98,95
2025-03-20 15:41:41.034,-381.0,-684.0,666.0,0.0,0.0,-1.0,121,76,130,98,96
2025-03-20 15:41:41.062,-379.0,-692.0,661.0,0.0,0.0,0.0,123,77,130,99,98
2025-03-20 15:41:41.085,-378.0,-690.0,669.0,-1.0,1.0,0.0,123,78,131,100,98
2025-03-20 15:41:41.110,-383.0,-698.0,652.0,0.0,0.0,1.0,123,78,133,100,97
2025-03-20 15:41:41.134,-384.0,-691.0,660.0,0.0,0.0,1.0,123,78,125,101,98
2025-03-20 15:41:41.159,-378.0,-691.0,671.0,0.0,1.0,1.0,123,77,129,99,97
2025-03-20 15:41:41.182,-388.0,-694.0,658.0,1.0,1.0,1.0,120,75,129,97,95
2025-03-20 15:41:41.205,-383.0,-679.0,659.0,3.0,0.0,2.0,120,75,128,97,95
2025-03-20 15:41:41.230,-387.0,-665.0,667.0,0.0,0.0,1.0,121,76,129,98,95
2025-03-20 15:41:41.254,-381.0,-673.0,654.0,-2.0,-1.0,0.0,121,77,130,99,97
2025-03-20 15:41:41.270,-370.0,-679.0,659.0,0.0,-1.0,1.0,123,77,125,98,95
2025-03-20 15:41:41.303,-387.0,-636.0,649.0,1.0,-1.0,1.0,123,77,129,100,97
2025-03-20 15:41:41.319,-404.0,-590.0,640.0,-4.0,-2.0,0.0,123,77,131,100,97
2025-03-20 15:41:41.352,-446.0,-397.0,568.0,-11.0,-1.0,-8.0,123,77,131,100,96
2025-03-20 15:41:41.376,-543.0,-342.0,324.0,-11.0,-10.0,-23.0,121,77,130,97,95
2025-03-20 15:41:41.397,-595.0,-300.0,253.0,1.0,-22.0,-37.0,123,75,126,86,87
2025-03-20 15:41:41.422,-586.0,-433.0,414.0,-8.0,-54.0,-69.0,122,70,119,72,73
2025-03-20 15:41:41.434,-300.0,-703.0,856.0,-73.0,-68.0,-89.0,122,64,111,0,62
2025-03-20 15:41:41.470,360.0,-1808.0,1528.0,-143.0,-2.0,-45.0,123,60,106,2,54
2025-03-20 15:41:41.495,569.0,-2524.0,1860.0,-56.0,136.0,77.0,110,53,96,1,47
2025-03-20 15:41:41.520,510.0,-2081.0,1513.0,-65.0,211.0,159.0,99,45,87,2,44
2025-03-20 15:41:41.544,-74.0,-1623.0,1074.0,-156.0,235.0,219.0,105,35,81,41,41
2025-03-20 15:41:41.563,-91.0,-1497.0,251.0,-222.0,206.0,282.0,101,37,77,49,38
2025-03-20 15:41:41.590,-314.0,-1008.0,290.0,-131.0,207.0,313.0,97,37,72,51,39
2025-03-20 15:41:41.615,-189.0,-389.0,161.0,-106.0,215.0,349.0,99,32,68,49,40
2025-03-20 15:41:41.639,-573.0,186.0,-291.0,-30.0,188.0,319.0,102,38,67,49,40
2025-03-20 15:41:41.663,-302.0,890.0,-134.0,-25.0,159.0,245.0,105,38,68,46,39
2025-03-20 15:41:41.687,-505.0,1047.0,-532.0,-2.0,135.0,176.0,104,41,68,50,34
2025-03-20 15:41:41.712,-298.0,1399.0,-801.0,52.0,78.0,103.0,105,42,68,51,37
2025-03-20 15:41:41.734,-358.0,2640.0,-1647.0,104.0,-44.0,-23.0,103,42,67,53,40
2025-03-20 15:41:41.759,-333.0,3737.0,-2249.0,75.0,-233.0,-375.0,101,43,70,50,44
2025-03-20 15:41:41.782,-2995.0,-2995.0,-2995.0,-375.0,-513.0,-856.0,96,31,66,41,43
2025-03-20 15:41:41.806,3258.0,2882.0,-2689.0,-247.0,-982.0,-1287.0,89,35,73,52,44
2025-03-20 15:41:41.829,9791.0,-3273.0,3729.0,41.0,-800.0,-904.0,79,32,70,52,43
2025-03-20 15:41:41.852,5720.0,-8120.0,1334.0,260.0,277.0,120.0,86,40,69,61,44
2025-03-20 15:41:41.876,1924.0,-3094.0,639.0,225.0,320.0,272.0,88,46,75,52,48
2025-03-20 15:41:41.895,353.0,-1820.0,928.0,-206.0,144.0,278.0,78,38,72,57,46
2025-03-20 15:41:41.926,263.0,-2223.0,1246.0,-71.0,150.0,353.0,86,44,74,57,46
2025-03-20 15:41:41.951,-356.0,-716.0,503.0,17.0,203.0,407.0,99,41,76,60,47
2025-03-20 15:41:41.974,-495.0,295.0,338.0,-39.0,215.0,299.0,104,42,75,61,48
2025-03-20 15:41:41.999,-691.0,56.0,50.0,-110.0,170.0,201.0,93,44,76,51,49
2025-03-20 15:41:42.016,-530.0,-170.0,109.0,-75.0,143.0,187.0,96,44,78,58,48
2025-03-20 15:41:42.045,-544.0,-27.0,-169.0,-39.0,151.0,177.0,98,44,77,58,48
2025-03-20 15:41:42.069,-371.0,-17.0,-110.0,13.0,158.0,158.0,96,45,75,54,49
2025-03-20 15:41:42.094,-527.0,68.0,-191.0,53.0,131.0,156.0,105,41,76,53,47
2025-03-20 15:41:42.118,-582.0,81.0,-242.0,74.0,94.0,159.0,106,39,76,55,49
2025-03-20 15:41:42.143,-379.0,336.0,-242.0,90.0,72.0,190.0,110,44,76,57,49
2025-03-20 15:41:42.167,-217.0,1268.0,-1022.0,173.0,9.0,238.0,109,35,76,51,48
2025-03-20 15:41:42.192,-811.0,3953.0,-2559.0,219.0,-89.0,-135.0,107,39,75,57,49
2025-03-20 15:41:42.212,-1057.0,5449.0,-3451.0,-104.0,-470.0,-809.0,105,44,75,51,48
2025-03-20 15:41:42.237,3977.0,4487.0,-4541.0,-549.0,-940.0,-1473.0,120,34,77,47,50
2025-03-20 15:41:42.261,10267.0,-3138.0,973.0,-350.0,-755.0,-1203.0,97,33,76,66,52
2025-03-20 15:41:42.286,7797.0,-10986.0,184.0,192.0,259.0,103.0,84,40,76,41,47
2025-03-20 15:41:42.311,2657.0,-1945.0,480.0,452.0,576.0,318.0,95,41,76,55,51
2025-03-20 15:41:42.335,153.0,-2863.0,-2532.0,-251.0,16.0,400.0,101,36,79,59,52
2025-03-20 15:41:42.357,105.0,-1521.0,765.0,58.0,62.0,344.0,110,46,81,62,53
2025-03-20 15:41:42.380,-345.0,-308.0,313.0,96.0,130.0,268.0,115,42,82,57,53
2025-03-20 15:41:42.392,-417.0,-433.0,-4.0,-84.0,97.0,202.0,110,52,86,66,56
2025-03-20 15:41:42.428,-283.0,-771.0,290.0,-83.0,53.0,191.0,126,50,85,69,57
2025-03-20 15:41:42.454,-103.0,-889.0,286.0,11.0,52.0,229.0,118,46,81,61,54
2025-03-20 15:41:42.478,-126.0,-493.0,-31.0,-7.0,80.0,262.0,121,43,78,60,52
2025-03-20 15:41:42.503,-280.0,-291.0,305.0,-12.0,77.0,275.0,127,42,79,63,52
2025-03-20 15:41:42.524,-99.0,-221.0,311.0,73.0,93.0,288.0,122,43,79,55,51
2025-03-20 15:41:42.549,-197.0,-4.0,350.0,113.0,130.0,301.0,116,38,79,58,51
2025-03-20 15:41:42.573,-299.0,411.0,-180.0,104.0,116.0,339.0,122,50,80,62,54
2025-03-20 15:41:42.598,-41.0,1352.0,-721.0,245.0,98.0,307.0,129,42,79,62,54
2025-03-20 15:41:42.622,-675.0,4277.0,-2799.0,292.0,-1.0,54.0,129,43,76,58,51
2025-03-20 15:41:42.646,-1328.0,6336.0,-3773.0,-75.0,-383.0,-683.0,128,35,74,62,49
2025-03-20 15:41:42.671,1580.0,5282.0,-4052.0,-430.0,-844.0,-1429.0,135,40,74,57,49
2025-03-20 15:41:42.695,9790.0,-228.0,-1357.0,-979.0,-1204.0,-1232.0,147,32,70,58,42
2025-03-20 15:41:42.720,9582.0,-10751.0,2972.0,-371.0,-155.0,-137.0,152,39,74,59,53
2025-03-20 15:41:42.741,3580.0,-5680.0,-6659.0,645.0,386.0,256.0,128,38,74,67,55
2025-03-20 15:41:42.766,-695.0,432.0,-2697.0,-16.0,59.0,250.0,139,22,74,58,55
2025-03-20 15:41:42.790,531.0,-2211.0,-39.0,1.0,67.0,232.0,138,40,76,64,55
2025-03-20 15:41:42.815,398.0,-1344.0,1055.0,176.0,138.0,302.0,150,50,80,69,56
2025-03-20 15:41:42.839,-303.0,-831.0,-29.0,149.0,179.0,308.0,140,44,81,66,53
2025-03-20 15:41:42.860,-209.0,-267.0,35.0,67.0,174.0,239.0,152,40,79,66,53
2025-03-20 15:41:42.885,-172.0,-378.0,227.0,17.0,156.0,249.0,129,42,78,66,51
2025-03-20 15:41:42.909,-166.0,-435.0,119.0,-18.0,170.0,290.0,132,43,80,68,53
2025-03-20 15:41:42.934,-100.0,-203.0,99.0,80.0,208.0,288.0,135,42,81,57,54
2025-03-20 15:41:42.958,-275.0,280.0,-203.0,165.0,216.0,311.0,135,41,84,68,54
2025-03-20 15:41:42.982,-600.0,1123.0,-545.0,165.0,177.0,294.0,135,41,84,70,54
2025-03-20 15:41:43.006,-865.0,1966.0,-1335.0,191.0,82.0,124.0,137,36,82,68,54
2025-03-20 15:41:43.029,-1265.0,3171.0,-2222.0,143.0,-95.0,-219.0,138,42,79,64,52
2025-03-20 15:41:43.056,-1388.0,3662.0,-3307.0,48.0,-454.0,-694.0,124,42,77,63,51
2025-03-20 15:41:43.077,2455.0,5759.0,-3359.0,-444.0,-1073.0,-1183.0,131,40,75,64,51
2025-03-20 15:41:43.102,9443.0,-2314.0,220.0,-989.0,-1042.0,-894.0,148,33,75,62,52
2025-03-20 15:41:43.126,8159.0,-11446.0,254.0,243.0,428.0,66.0,147,41,72,64,51
2025-03-20 15:41:43.151,1462.0,-1448.0,-3107.0,536.0,243.0,274.0,132,39,77,67,57
2025-03-20 15:41:43.175,939.0,-1989.0,357.0,-174.0,-99.0,204.0,135,35,75,66,55
2025-03-20 15:41:43.199,452.0,-3124.0,872.0,143.0,124.0,319.0,144,50,85,75,62
2025-03-20 15:41:43.209,31.0,-647.0,304.0,95.0,223.0,343.0,145,51,84,68,57
2025-03-20 15:41:43.245,-476.0,-289.0,138.0,-30.0,136.0,267.0,145,44,84,71,57
2025-03-20 15:41:43.264,-428.0,-684.0,431.0,-76.0,141.0,237.0,144,50,86,70,58
2025-03-20 15:41:43.293,-21.0,-787.0,139.0,5.0,155.0,279.0,142,48,86,71,58
2025-03-20 15:41:43.318,118.0,-475.0,119.0,74.0,207.0,319.0,134,40,91,70,58
2025-03-20 15:41:43.342,20.0,-292.0,13.0,155.0,235.0,359.0,136,46,91,54,62
2025-03-20 15:41:43.361,24.0,-269.0,-334.0,302.0,276.0,337.0,137,46,97,44,71
2025-03-20 15:41:43.386,45.0,447.0,757.0,327.0,302.0,339.0,139,27,104,3,87
2025-03-20 15:41:43.413,-494.0,980.0,-997.0,140.0,147.0,331.0,138,54,113,4,89
2025-03-20 15:41:43.435,-347.0,1576.0,-1967.0,97.0,9.0,249.0,126,51,122,63,91
2025-03-20 15:41:43.461,-917.0,2939.0,-3104.0,87.0,-296.0,-81.0,138,62,128,94,90
2025-03-20 15:41:43.484,-847.0,3859.0,-3552.0,-161.0,-627.0,-661.0,123,80,132,4,93
2025-03-20 15:41:43.508,1969.0,4543.0,-3873.0,-409.0,-850.0,-1158.0,129,80,137,97,97
2025-03-20 15:41:43.536,9011.0,-2790.0,-1657.0,-865.0,-1055.0,-1099.0,147,56,143,82,99
2025-03-20 15:41:43.559,6662.0,-9365.0,1419.0,10.0,-262.0,-8.0,154,64,146,90,113
2025-03-20 15:41:43.584,3309.0,-4336.0,920.0,841.0,435.0,224.0,129,4,143,103,114
2025-03-20 15:41:43.603,297.0,-355.0,382.0,-88.0,496.0,207.0,136,62,155,117,125
2025-03-20 15:41:43.630,-330.0,-1328.0,742.0,-253.0,176.0,246.0,155,114,155,118,123
2025-03-20 15:41:43.654,-248.0,-1125.0,726.0,-4.0,60.0,237.0,153,91,147,104,112
2025-03-20 15:41:43.679,-209.0,-1083.0,758.0,66.0,207.0,261.0,154,92,149,105,112
2025-03-20 15:41:43.704,-84.0,-378.0,249.0,-18.0,265.0,221.0,151,93,148,109,113
2025-03-20 15:41:43.728,-424.0,-326.0,316.0,-27.0,232.0,257.0,150,94,149,111,112
2025-03-20 15:41:43.752,-113.0,-237.0,-260.0,129.0,129.0,305.0,150,92,150,114,115
2025-03-20 15:41:43.774,-251.0,280.0,426.0,11.0,229.0,268.0,153,93,153,116,115
2025-03-20 15:41:43.797,238.0,697.0,-92.0,132.0,231.0,241.0,142,104,146,109,107
2025-03-20 15:41:43.823,-163.0,772.0,-823.0,188.0,105.0,288.0,142,102,145,109,108
2025-03-20 15:41:43.839,-379.0,1473.0,-1226.0,169.0,45.0,192.0,139,97,147,109,108
2025-03-20 15:41:43.872,-848.0,2167.0,-2602.0,67.0,-179.0,-58.0,133,100,143,107,107
2025-03-20 15:41:43.895,-1185.0,2575.0,-2498.0,73.0,-460.0,-498.0,127,98,141,105,109
2025-03-20 15:41:43.920,184.0,3781.0,-2472.0,-148.0,-603.0,-996.0,135,94,145,105,110
2025-03-20 15:41:43.937,7456.0,1516.0,2027.0,-463.0,-1225.0,-1183.0,151,61,149,109,115
2025-03-20 15:41:43.969,6764.0,-7317.0,-524.0,-514.0,-623.0,-538.0,153,77,150,110,118
2025-03-20 15:41:43.991,5376.0,-6093.0,1227.0,348.0,195.0,310.0,143,55,142,108,116
2025-03-20 15:41:44.019,980.0,-1587.0,866.0,242.0,587.0,288.0,137,65,143,112,117
2025-03-20 15:41:44.040,-527.0,-896.0,199.0,-134.0,277.0,282.0,138,76,145,114,115
2025-03-20 15:41:44.064,-195.0,-803.0,1089.0,-285.0,168.0,262.0,146,107,146,110,113
2025-03-20 15:41:44.089,102.0,-879.0,674.0,41.0,61.0,202.0,148,103,145,115,112
2025-03-20 15:41:44.100,-177.0,-731.0,-172.0,25.0,200.0,212.0,147,50,142,109,108
2025-03-20 15:41:44.138,-473.0,-335.0,438.0,-85.0,257.0,224.0,135,77,135,105,103
2025-03-20 15:41:44.162,-141.0,-442.0,217.0,0.0,173.0,310.0,135,82,132,102,101
2025-03-20 15:41:44.186,-119.0,-60.0,280.0,119.0,218.0,297.0,116,79,128,101,95
2025-03-20 15:41:44.208,-476.0,-13.0,-87.0,61.0,203.0,262.0,133,65,117,98,81
2025-03-20 15:41:44.231,-522.0,-7.0,-106.0,9.0,118.0,242.0,134,59,111,74,67
2025-03-20 15:41:44.254,-86.0,-56.0,994.0,-40.0,116.0,227.0,132,50,101,66,62
2025-03-20 15:41:44.280,-835.0,29.0,-134.0,47.0,70.0,255.0,127,42,95,1,56
2025-03-20 15:41:44.305,-708.0,3101.0,-2894.0,4.0,-52.0,1.0,124,9,94,2,45
2025-03-20 15:41:44.330,-374.0,4662.0,-3380.0,54.0,-230.0,-543.0,120,19,78,1,39
2025-03-20 15:41:44.354,-403.0,3720.0,-3434.0,-140.0,-837.0,-971.0,131,28,73,47,39
2025-03-20 15:41:44.379,5347.0,1056.0,-2623.0,-516.0,-1241.0,-1059.0,146,30,75,57,47
2025-03-20 15:41:44.401,8681.0,-5340.0,2269.0,-742.0,-659.0,-367.0,152,29,77,62,45
2025-03-20 15:41:44.425,4000.0,-7555.0,-1220.0,490.0,476.0,116.0,149,32,81,55,53
2025-03-20 15:41:44.449,700.0,-1423.0,-1267.0,205.0,300.0,248.0,133,29,80,57,49
2025-03-20 15:41:44.473,679.0,-2142.0,0.0,-137.0,32.0,196.0,138,38,81,74,51
2025-03-20 15:41:44.497,534.0,-2612.0,-56.0,118.0,72.0,295.0,148,44,83,76,52
2025-03-20 15:41:44.521,602.0,-1242.0,324.0,126.0,288.0,378.0,144,43,83,75,50
2025-03-20 15:41:44.537,-56.0,-212.0,16.0,70.0,220.0,349.0,150,39,80,71,48
2025-03-20 15:41:44.568,-19.0,-188.0,150.0,54.0,194.0,297.0,148,42,84,72,48
2025-03-20 15:41:44.593,-208.0,-285.0,-16.0,58.0,171.0,316.0,135,42,84,74,49
2025-03-20 15:41:44.617,-93.0,-169.0,150.0,67.0,203.0,313.0,136,43,85,73,49
2025-03-20 15:41:44.640,-211.0,170.0,-137.0,120.0,221.0,311.0,139,44,87,74,51
2025-03-20 15:41:44.665,-330.0,497.0,-407.0,129.0,193.0,294.0,134,41,88,67,53
2025-03-20 15:41:44.690,-407.0,1100.0,-866.0,145.0,146.0,228.0,140,38,89,70,51
2025-03-20 15:41:44.712,-796.0,2307.0,-1808.0,193.0,23.0,59.0,142,30,85,72,52
2025-03-20 15:41:44.736,-1362.0,3731.0,-2793.0,116.0,-221.0,-319.0,132,39,83,73,50
2025-03-20 15:41:44.758,-403.0,3836.0,-2677.0,-72.0,-577.0,-725.0,135,37,79,68,50
2025-03-20 15:41:44.784,2568.0,2735.0,-1585.0,-383.0,-894.0,-1018.0,138,41,78,68,50
2025-03-20 15:41:44.810,7152.0,-3937.0,-256.0,-681.0,-838.0,-795.0,151,38,77,74,50
2025-03-20 15:41:44.834,5385.0,-8418.0,1483.0,-154.0,154.0,-81.0,154,43,81,73,53
2025-03-20 15:41:44.858,1593.0,-4153.0,-782.0,561.0,359.0,236.0,143,41,79,69,54
2025-03-20 15:41:44.879,350.0,-618.0,-624.0,-44.0,89.0,188.0,134,42,80,78,53
2025-03-20 15:41:44.904,23.0,-2012.0,812.0,-138.0,13.0,215.0,135,42,86,75,52
2025-03-20 15:41:44.929,328.0,-1856.0,499.0,61.0,69.0,278.0,151,42,91,74,52
2025-03-20 15:41:44.953,422.0,-959.0,469.0,91.0,164.0,257.0,150,43,90,73,51
2025-03-20 15:41:44.977,-33.0,-498.0,520.0,93.0,214.0,236.0,149,36,92,73,52
2025-03-20 15:41:44.998,-153.0,-461.0,142.0,5.0,191.0,261.0,143,39,94,73,53
2025-03-20 15:41:45.024,-144.0,-517.0,-6.0,5.0,180.0,296.0,131,42,99,67,53
2025-03-20 15:41:45.047,46.0,-394.0,148.0,98.0,208.0,321.0,135,38,106,58,55
2025-03-20 15:41:45.071,-15.0,-262.0,-92.0,166.0,257.0,346.0,135,28,110,63,52
2025-03-20 15:41:45.096,-293.0,237.0,-13.0,184.0,235.0,369.0,135,40,117,69,58
2025-03-20 15:41:45.121,-293.0,471.0,-573.0,198.0,242.0,363.0,129,54,131,54,59
2025-03-20 15:41:45.145,-217.0,1227.0,-1620.0,271.0,157.0,298.0,124,44,130,26,58
2025-03-20 15:41:45.169,-1026.0,2973.0,-2858.0,136.0,-114.0,-15.0,108,64,133,54,49
2025-03-20 15:41:45.194,-872.0,3864.0,-3569.0,45.0,-589.0,-675.0,96,79,140,53,47
2025-03-20 15:41:45.218,1699.0,3470.0,-4171.0,-124.0,-1221.0,-1024.0,83,85,143,67,50
2025-03-20 15:41:45.240,6788.0,-2810.0,-671.0,-304.0,-1372.0,-763.0,89,54,148,72,54
2025-03-20 15:41:45.265,7159.0,-5901.0,2440.0,-38.0,-437.0,-146.0,116,63,149,61,53
2025-03-20 15:41:45.288,3688.0,-3657.0,2067.0,334.0,357.0,65.0,111,12,147,76,51
2025-03-20 15:41:45.313,829.0,-1844.0,1005.0,97.0,360.0,185.0,102,73,158,87,65
2025-03-20 15:41:45.338,203.0,-1542.0,1171.0,-134.0,242.0,285.0,92,52,150,77,58
2025-03-20 15:41:45.362,12.0,-1116.0,926.0,-51.0,274.0,262.0,118,62,147,76,52
2025-03-20 15:41:45.386,-184.0,-789.0,577.0,28.0,339.0,255.0,99,89,148,72,55
2025-03-20 15:41:45.408,-130.0,-553.0,411.0,58.0,346.0,296.0,105,92,147,83,53
2025-03-20 15:41:45.432,64.0,-249.0,269.0,72.0,339.0,310.0,100,98,148,81,54
2025-03-20 15:41:45.457,-107.0,-44.0,12.0,92.0,344.0,326.0,111,97,151,73,57
2025-03-20 15:41:45.481,-153.0,167.0,-186.0,110.0,347.0,314.0,106,68,149,51,56
2025-03-20 15:41:45.506,-593.0,392.0,-583.0,151.0,276.0,265.0,111,108,149,52,58
2025-03-20 15:41:45.530,-670.0,826.0,-603.0,110.0,177.0,157.0,105,104,149,62,59
2025-03-20 15:41:45.554,-556.0,1150.0,-908.0,16.0,78.0,14.0,105,101,149,54,57
2025-03-20 15:41:45.572,-850.0,1671.0,-2426.0,5.0,-126.0,-148.0,95,100,149,47,52
2025-03-20 15:41:45.600,-1112.0,3130.0,-3235.0,33.0,-513.0,-541.0,108,107,149,72,51
2025-03-20 15:41:45.625,541.0,3897.0,-3879.0,-177.0,-1154.0,-920.0,91,79,148,69,54
2025-03-20 15:41:45.649,6827.0,-1386.0,-1690.0,-524.0,-1433.0,-795.0,120,65,151,83,60
2025-03-20 15:41:45.674,6656.0,-6409.0,1651.0,-27.0,-509.0,-144.0,134,23,149,85,61
2025-03-20 15:41:45.696,3648.0,-3558.0,2306.0,327.0,339.0,1.0,127,43,146,80,56
2025-03-20 15:41:45.723,589.0,-1893.0,1562.0,124.0,356.0,75.0,118,91,154,86,64
2025-03-20 15:41:45.747,465.0,-1466.0,990.0,-181.0,199.0,210.0,124,15,155,93,69
2025-03-20 15:41:45.771,-48.0,-1297.0,727.0,-143.0,136.0,197.0,121,54,151,89,64
2025-03-20 15:41:45.792,49.0,-1113.0,914.0,-104.0,209.0,190.0,135,67,155,90,70
2025-03-20 15:41:45.817,84.0,-1017.0,549.0,-33.0,285.0,238.0,124,95,153,89,67
2025-03-20 15:41:45.842,-76.0,-567.0,390.0,-29.0,274.0,273.0,134,95,155,97,69
2025-03-20 15:41:45.866,18.0,-180.0,265.0,-51.0,268.0,282.0,128,110,155,84,71
2025-03-20 15:41:45.891,-244.0,-127.0,122.0,-61.0,266.0,280.0,138,103,152,80,76
2025-03-20 15:41:45.914,18.0,204.0,-1153.0,-140.0,220.0,276.0,131,104,142,63,70
2025-03-20 15:41:45.938,-600.0,34.0,-102.0,-8.0,171.0,231.0,132,91,129,66,72
2025-03-20 15:41:45.961,-441.0,898.0,-276.0,190.0,148.0,131.0,135,63,112,65,70
2025-03-20 15:41:45.985,-1045.0,2560.0,-1070.0,-13.0,91.0,-36.0,135,22,96,60,59
2025-03-20 15:41:46.009,-866.0,3336.0,-3090.0,55.0,-207.0,-398.0,139,3,93,72,51
2025-03-20 15:41:46.035,-833.0,2414.0,-2476.0,28.0,-478.0,-731.0,139,10,80,55,49
2025-03-20 15:41:46.058,3124.0,3292.0,-1761.0,-281.0,-885.0,-1009.0,127,25,78,63,52
2025-03-20 15:41:46.083,6862.0,-2423.0,-476.0,-507.0,-994.0,-681.0,170,61,109,98,82
2025-03-20 15:41:46.107,6628.0,-7930.0,2410.0,10.0,235.0,-65.0,154,51,89,75,62
2025-03-20 15:41:46.128,1495.0,-3869.0,-865.0,479.0,458.0,167.0,113,46,81,72,54
2025-03-20 15:41:46.154,364.0,-747.0,-955.0,-211.0,154.0,198.0,142,38,83,77,56
2025-03-20 15:41:46.177,442.0,-2500.0,88.0,-146.0,17.0,213.0,146,51,84,77,57
2025-03-20 15:41:46.202,740.0,-1999.0,886.0,47.0,185.0,276.0,145,47,89,78,53
2025-03-20 15:41:46.223,199.0,-1203.0,293.0,56.0,216.0,373.0,148,42,87,75,57
2025-03-20 15:41:46.251,336.0,-384.0,157.0,15.0,194.0,332.0,141,45,89,75,55
2025-03-20 15:41:46.270,-149.0,20.0,278.0,47.0,193.0,295.0,136,49,89,71,54
2025-03-20 15:41:46.296,-246.0,-151.0,-87.0,27.0,196.0,311.0,142,58,100,85,66
2025-03-20 15:41:46.321,-489.0,120.0,-147.0,18.0,177.0,310.0,142,55,96,78,58
2025-03-20 15:41:46.344,-183.0,153.0,-121.0,115.0,210.0,234.0,140,49,95,83,60
2025-03-20 15:41:46.370,2006.0,351.0,-288.0,142.0,141.0,240.0,138,44,93,72,56
2025-03-20 15:41:46.394,-685.0,1150.0,-444.0,117.0,84.0,145.0,139,45,94,80,57
2025-03-20 15:41:46.416,-848.0,1828.0,-951.0,126.0,44.0,-50.0,143,50,97,89,63
2025-03-20 15:41:46.443,-1323.0,2887.0,-2194.0,111.0,-141.0,-295.0,136,45,94,78,59
2025-03-20 15:41:46.458,-981.0,4045.0,-2895.0,2.0,-472.0,-656.0,138,51,90,77,60
2025-03-20 15:41:46.489,2563.0,3907.0,-2614.0,-388.0,-956.0,-1069.0,141,50,89,75,60
2025-03-20 15:41:46.513,8034.0,-3564.0,173.0,-724.0,-929.0,-843.0,151,45,83,76,54
2025-03-20 15:41:46.538,6969.0,-8587.0,2932.0,-45.0,131.0,-102.0,149,41,79,71,53
2025-03-20 15:41:46.563,2334.0,-3540.0,-2128.0,399.0,445.0,200.0,131,40,81,61,50
2025-03-20 15:41:46.587,-79.0,-1221.0,-1066.0,-21.0,32.0,146.0,130,40,83,71,56
2025-03-20 15:41:46.611,422.0,-2496.0,634.0,-121.0,-26.0,150.0,145,39,84,81,55
2025-03-20 15:41:46.633,481.0,-1798.0,902.0,22.0,29.0,236.0,141,49,86,82,56
2025-03-20 15:41:46.657,63.0,-1257.0,563.0,64.0,177.0,235.0,145,47,90,85,57
2025-03-20 15:41:46.681,14.0,-879.0,335.0,-31.0,186.0,263.0,141,39,91,79,54
2025-03-20 15:41:46.706,-29.0,-572.0,307.0,-46.0,142.0,289.0,123,38,92,81,58
2025-03-20 15:41:46.731,263.0,-355.0,304.0,50.0,183.0,283.0,143,46,102,89,60
2025-03-20 15:41:46.755,106.0,-521.0,145.0,69.0,257.0,306.0,134,51,98,73,63
2025-03-20 15:41:46.779,305.0,-419.0,61.0,179.0,309.0,351.0,134,42,95,82,56
2025-03-20 15:41:46.800,-48.0,-334.0,-82.0,133.0,319.0,413.0,136,39,92,63,64
2025-03-20 15:41:46.823,-38.0,318.0,-935.0,174.0,213.0,465.0,138,37,92,54,65
2025-03-20 15:41:46.847,-51.0,1129.0,-1462.0,273.0,114.0,435.0,136,37,87,57,58
2025-03-20 15:41:46.864,-1068.0,3230.0,-2951.0,273.0,-28.0,81.0,134,46,83,62,50
2025-03-20 15:41:46.897,-1006.0,4871.0,-4057.0,2.0,-481.0,-595.0,108,24,79,62,49
2025-03-20 15:41:46.923,1075.0,3211.0,-4911.0,-192.0,-1222.0,-1018.0,82,28,77,54,45
2025-03-20 15:41:46.944,9684.0,-374.0,-62.0,-498.0,-1548.0,-860.0,94,31,76,57,42
2025-03-20 15:41:46.968,8729.0,-7535.0,6746.0,78.0,68.0,13.0,89,42,81,73,50
2025-03-20 15:41:46.993,1635.0,-3126.0,1289.0,435.0,468.0,96.0,79,29,80,75,46
2025-03-20 15:41:47.017,-222.0,-1061.0,1148.0,-230.0,169.0,162.0,83,34,80,44,51
2025-03-20 15:41:47.041,528.0,-2614.0,1263.0,-271.0,229.0,217.0,100,57,93,69,64
2025-03-20 15:41:47.066,-231.0,-1028.0,998.0,-31.0,278.0,229.0,104,49,94,74,59
2025-03-20 15:41:47.091,-862.0,86.0,145.0,-120.0,239.0,171.0,117,43,91,80,60
2025-03-20 15:41:47.115,-620.0,-381.0,117.0,-254.0,195.0,140.0,129,66,109,104,80
2025-03-20 15:41:47.140,231.0,-656.0,439.0,-130.0,212.0,206.0,114,53,94,89,66
2025-03-20 15:41:47.161,178.0,-502.0,86.0,6.0,257.0,220.0,94,40,85,78,56
2025-03-20 15:41:47.185,-564.0,34.0,-296.0,-41.0,214.0,214.0,101,56,91,84,62
2025-03-20 15:41:47.209,-271.0,-104.0,-236.0,-50.0,149.0,238.0,113,60,93,86,66
2025-03-20 15:41:47.235,-27.0,-12.0,-272.0,31.0,159.0,239.0,120,52,97,90,69
2025-03-20 15:41:47.258,-553.0,776.0,-907.0,127.0,97.0,232.0,122,58,95,88,67
2025-03-20 15:41:47.283,-559.0,2169.0,-1468.0,163.0,0.0,83.0,123,62,99,92,71
2025-03-20 15:41:47.308,-839.0,3332.0,-2217.0,206.0,-153.0,-271.0,125,58,98,90,68
2025-03-20 15:41:47.328,-909.0,3599.0,-3352.0,191.0,-490.0,-680.0,121,50,95,72,66
2025-03-20 15:41:47.353,1644.0,4371.0,-1294.0,-96.0,-993.0,-1069.0,97,46,88,79,61
2025-03-20 15:41:47.378,9034.0,-2641.0,2430.0,-483.0,-1038.0,-951.0,101,52,93,89,66
2025-03-20 15:41:47.402,7936.0,-9338.0,3048.0,-26.0,98.0,-3.0,97,52,84,82,56
2025-03-20 15:41:47.426,2434.0,-3713.0,-605.0,541.0,500.0,298.0,79,52,83,69,57
2025-03-20 15:41:47.451,-206.0,-1283.0,-509.0,-69.0,207.0,249.0,105,51,92,82,63
2025-03-20 15:41:47.476,-36.0,-2191.0,102.0,-88.0,107.0,295.0,95,50,88,83,62
2025-03-20 15:41:47.497,263.0,-1112.0,811.0,52.0,186.0,344.0,111,53,96,82,67
2025-03-20 15:41:47.521,67.0,-426.0,1000.0,-42.0,214.0,297.0,128,58,98,88,65
2025-03-20 15:41:47.545,-264.0,-501.0,56.0,-53.0,220.0,249.0,128,55,102,81,65
2025-03-20 15:41:47.570,-145.0,-505.0,81.0,12.0,178.0,277.0,110,45,97,72,58
2025-03-20 15:41:47.594,-199.0,-371.0,-50.0,134.0,178.0,315.0,125,31,99,57,60
2025-03-20 15:41:47.618,-510.0,-1.0,-257.0,224.0,193.0,297.0,124,51,98,68,63
2025-03-20 15:41:47.642,-291.0,73.0,334.0,181.0,198.0,298.0,122,61,98,64,63
2025-03-20 15:41:47.657,-250.0,327.0,-895.0,94.0,78.0,292.0,109,67,99,56,63
2025-03-20 15:41:47.690,-967.0,1284.0,-1678.0,143.0,-23.0,177.0,90,69,96,73,56
2025-03-20 15:41:47.714,-938.0,2601.0,-4328.0,109.0,-509.0,-171.0,83,66,89,61,53
2025-03-20 15:41:47.738,1166.0,2876.0,-5681.0,123.0,-1265.0,-452.0,66,24,84,72,53
2025-03-20 15:41:47.762,6879.0,208.0,-2311.0,208.0,-1674.0,-316.0,63,52,79,68,46
2025-03-20 15:41:47.787,6267.0,988.0,4729.0,663.0,-938.0,-188.0,78,50,83,57,39
2025-03-20 15:41:47.811,3882.0,879.0,5762.0,233.0,32.0,-182.0,78,55,81,67,50
2025-03-20 15:41:47.833,2052.0,250.0,3058.0,-100.0,142.0,56.0,84,67,84,77,53
2025-03-20 15:41:47.857,1433.0,56.0,3034.0,-254.0,249.0,104.0,93,85,91,74,58
2025-03-20 15:41:47.882,833.0,-142.0,2276.0,-199.0,391.0,42.0,91,49,88,75,55
2025-03-20 15:41:47.906,38.0,-15.0,892.0,-113.0,399.0,20.0,84,71,93,87,62
2025-03-20 15:41:47.930,127.0,160.0,625.0,-211.0,355.0,26.0,90,98,103,98,72
2025-03-20 15:41:47.955,386.0,-295.0,896.0,-166.0,417.0,49.0,94,90,102,97,63
2025-03-20 15:41:47.976,-35.0,-602.0,-4.0,-56.0,413.0,94.0,85,88,91,88,57
2025-03-20 15:41:47.999,-137.0,309.0,209.0,-1.0,301.0,43.0,88,92,94,92,55
2025-03-20 15:41:48.023,-5.0,399.0,260.0,-130.0,349.0,35.0,95,79,94,91,58
2025-03-20 15:41:48.050,-586.0,-545.0,-678.0,-87.0,259.0,98.0,89,89,96,92,61
2025-03-20 15:41:48.074,-328.0,233.0,-430.0,17.0,114.0,103.0,88,94,97,93,61
2025-03-20 15:41:48.099,-354.0,746.0,-325.0,-33.0,110.0,12.0,93,94,100,98,69
2025-03-20 15:41:48.123,-1265.0,717.0,-1772.0,-36.0,-34.0,-45.0,93,86,96,96,67
2025-03-20 15:41:48.148,-1408.0,1262.0,-3941.0,157.0,-511.0,-219.0,92,84,93,92,66
2025-03-20 15:41:48.172,961.0,1667.0,-4595.0,229.0,-1232.0,-337.0,93,93,94,95,69
2025-03-20 15:41:48.194,5213.0,-2206.0,1465.0,308.0,-1216.0,-68.0,84,74,86,86,52
2025-03-20 15:41:48.218,4647.0,409.0,6307.0,186.0,-273.0,-130.0,86,87,87,80,55
2025-03-20 15:41:48.241,2417.0,-366.0,3501.0,213.0,80.0,-87.0,88,89,87,85,56
2025-03-20 15:41:48.265,1366.0,-310.0,3512.0,-155.0,151.0,76.0,95,97,94,91,63
2025-03-20 15:41:48.291,859.0,-417.0,2342.0,-257.0,205.0,101.0,98,90,95,91,55
2025-03-20 15:41:48.315,645.0,-397.0,2078.0,-103.0,340.0,63.0,92,96,101,91,69
2025-03-20 15:41:48.337,3.0,-123.0,1010.0,-174.0,406.0,78.0,82,97,92,89,60
2025-03-20 15:41:48.361,89.0,136.0,878.0,-303.0,414.0,116.0,88,96,91,86,59
2025-03-20 15:41:48.386,358.0,-191.0,624.0,-317.0,451.0,142.0,87,91,87,77,50
2025-03-20 15:41:48.410,172.0,-243.0,327.0,-180.0,432.0,176.0,92,67,90,75,53
2025-03-20 15:41:48.427,103.0,-570.0,-230.0,-156.0,424.0,160.0,94,53,95,79,56
2025-03-20 15:41:48.459,132.0,49.0,-63.0,-59.0,415.0,135.0,100,56,99,78,59
2025-03-20 15:41:48.483,-430.0,123.0,-434.0,1.0,302.0,151.0,109,82,112,69,74
2025-03-20 15:41:48.505,-725.0,20.0,-1011.0,98.0,158.0,145.0,110,90,113,36,86
2025-03-20 15:41:48.529,-757.0,587.0,-786.0,165.0,20.0,91.0,112,92,125,12,97
2025-03-20 15:41:48.554,-738.0,1338.0,-1767.0,-69.0,-171.0,-5.0,114,94,135,51,101
2025-03-20 15:41:48.578,-640.0,1479.0,-2197.0,6.0,-379.0,-238.0,120,98,141,97,103
2025-03-20 15:41:48.591,-742.0,2127.0,-2447.0,-198.0,-532.0,-608.0,111,67,138,3,98
2025-03-20 15:41:48.627,2134.0,1995.0,-1709.0,-187.0,-624.0,-891.0,115,50,145,81,100
2025-03-20 15:41:48.651,5027.0,-2501.0,367.0,-280.0,-1047.0,-654.0,126,59,151,85,109
2025-03-20 15:41:48.676,4517.0,-5005.0,2848.0,-129.0,-323.0,-71.0,136,64,154,99,119
2025-03-20 15:41:48.697,2415.0,-3908.0,1789.0,348.0,333.0,193.0,127,41,153,108,120
2025-03-20 15:41:48.721,604.0,-1304.0,1816.0,220.0,446.0,218.0,126,83,150,113,120
2025-03-20 15:41:48.746,-238.0,-1297.0,606.0,-62.0,265.0,211.0,139,106,158,120,123
2025-03-20 15:41:48.770,-494.0,-874.0,561.0,-198.0,124.0,220.0,149,109,164,121,128
2025-03-20 15:41:48.795,-245.0,-713.0,714.0,-94.0,117.0,169.0,134,105,151,113,116
2025-03-20 15:41:48.819,-18.0,-958.0,445.0,-71.0,276.0,184.0,129,97,151,111,113
2025-03-20 15:41:48.844,-32.0,-407.0,356.0,-54.0,296.0,199.0,127,104,148,110,111
2025-03-20 15:41:48.865,-24.0,-180.0,29.0,54.0,195.0,258.0,128,108,149,112,111
2025-03-20 15:41:48.889,-88.0,-252.0,617.0,115.0,282.0,246.0,127,117,152,115,115
2025-03-20 15:41:48.900,-504.0,-109.0,-134.0,104.0,198.0,256.0,128,115,151,116,116
2025-03-20 15:41:48.938,-585.0,473.0,-333.0,68.0,111.0,232.0,128,108,152,117,116
2025-03-20 15:41:48.963,-316.0,305.0,-443.0,76.0,52.0,192.0,114,112,152,119,114
2025-03-20 15:41:48.987,-524.0,1264.0,-1337.0,156.0,2.0,143.0,118,102,153,119,115
2025-03-20 15:41:49.011,-1040.0,2233.0,-2911.0,89.0,-224.0,-118.0,125,90,147,113,111
2025-03-20 15:41:49.036,-965.0,2309.0,-2915.0,-7.0,-490.0,-605.0,131,113,153,118,115
2025-03-20 15:41:49.058,1128.0,3211.0,-2690.0,-148.0,-678.0,-1061.0,129,118,155,121,119
2025-03-20 15:41:49.085,6677.0,-2150.0,1021.0,-582.0,-892.0,-888.0,125,101,153,114,117
2025-03-20 15:41:49.110,4162.0,-6566.0,1300.0,-171.0,-273.0,-31.0,124,103,150,113,118
2025-03-20 15:41:49.132,3538.0,-4308.0,939.0,494.0,300.0,319.0,118,75,149,113,122
2025-03-20 15:41:49.155,333.0,-1120.0,501.0,232.0,404.0,294.0,128,83,147,114,117
2025-03-20 15:41:49.180,-532.0,-950.0,-74.0,93.0,218.0,261.0,124,108,142,112,110
2025-03-20 15:41:49.205,-697.0,-1000.0,112.0,-80.0,104.0,239.0,148,104,155,114,124
2025-03-20 15:41:49.229,-19.0,-804.0,694.0,-48.0,156.0,206.0,134,115,138,101,102
2025-03-20 15:41:49.254,-124.0,-831.0,607.0,59.0,274.0,219.0,122,68,121,55,77
2025-03-20 15:41:49.278,-312.0,-709.0,254.0,147.0,270.0,270.0,112,85,102,41,54
2025-03-20 15:41:49.299,-127.0,-250.0,41.0,98.0,218.0,310.0,106,86,93,5,49
2025-03-20 15:41:49.324,-266.0,111.0,860.0,126.0,279.0,294.0,103,77,87,5,46
2025-03-20 15:41:49.348,-249.0,144.0,-179.0,111.0,260.0,261.0,99,74,84,6,43
2025-03-20 15:41:49.372,-698.0,496.0,-948.0,114.0,131.0,166.0,84,86,87,11,33
2025-03-20 15:41:49.397,-942.0,1333.0,-2309.0,102.0,-170.0,-36.0,85,38,81,51,41
2025-03-20 15:41:49.422,-1128.0,2494.0,-4206.0,118.0,-662.0,-341.0,82,38,78,58,43
2025-03-20 15:41:49.446,2036.0,2976.0,-4412.0,128.0,-1288.0,-564.0,76,63,84,53,54
2025-03-20 15:41:49.467,5860.0,-2054.0,-13.0,397.0,-1247.0,-271.0,79,89,87,69,56
2025-03-20 15:41:49.491,4707.0,-8.0,5485.0,503.0,-419.0,-200.0,79,80,78,55,40
2025-03-20 15:41:49.513,2692.0,-435.0,4002.0,218.0,99.0,-92.0,85,86,80,60,39
2025-03-20 15:41:49.540,1545.0,37.0,3099.0,-110.0,126.0,82.0,84,91,80,61,45
2025-03-20 15:41:49.565,1009.0,-299.0,2551.0,-240.0,234.0,118.0,88,99,87,72,54
2025-03-20 15:41:49.590,457.0,-381.0,1916.0,-120.0,337.0,78.0,89,101,88,78,56
2025-03-20 15:41:49.614,227.0,-56.0,1344.0,-89.0,373.0,75.0,110,122,107,94,75
2025-03-20 15:41:49.635,375.0,97.0,1121.0,-186.0,417.0,75.0,91,98,92,74,60
2025-03-20 15:41:49.659,208.0,-436.0,431.0,-161.0,424.0,100.0,92,99,93,75,58
2025-03-20 15:41:49.684,-245.0,-357.0,69.0,-41.0,315.0,128.0,93,108,92,72,58
2025-03-20 15:41:49.709,-144.0,498.0,460.0,-88.0,304.0,92.0,87,95,89,69,54
2025-03-20 15:41:49.733,-33.0,-144.0,140.0,-94.0,348.0,74.0,87,74,88,68,54
2025-03-20 15:41:49.758,-648.0,-311.0,-646.0,-41.0,227.0,122.0,85,97,90,65,54
2025-03-20 15:41:49.779,-350.0,168.0,9.0,-20.0,129.0,119.0,97,87,100,82,64
2025-03-20 15:41:49.803,-113.0,181.0,347.0,5.0,189.0,56.0,101,85,101,84,65
2025-03-20 15:41:49.826,-963.0,239.0,-713.0,-10.0,107.0,74.0,104,87,104,90,69
2025-03-20 15:41:49.852,-800.0,1224.0,-1545.0,75.0,-46.0,-28.0,91,87,98,84,64
2025-03-20 15:41:49.877,-1929.0,1999.0,-4640.0,148.0,-515.0,-337.0,96,92,96,88,65
2025-03-20 15:41:49.901,1621.0,2570.0,-4505.0,137.0,-1309.0,-537.0,68,73,80,71,42
2025-03-20 15:41:49.925,6605.0,-2626.0,168.0,122.0,-1410.0,-205.0,88,94,85,72,49
2025-03-20 15:41:49.950,5856.0,-918.0,6661.0,452.0,-475.0,-115.0,91,83,89,68,53
2025-03-20 15:41:49.966,2612.0,-635.0,4707.0,75.0,365.0,-96.0,93,89,89,67,50
2025-03-20 15:41:49.993,1041.0,-475.0,2405.0,-129.0,316.0,57.0,93,98,93,64,54
2025-03-20 15:41:50.020,561.0,27.0,1671.0,-330.0,329.0,134.0,104,104,102,75,58
2025-03-20 15:41:50.044,42.0,-689.0,1197.0,-330.0,318.0,194.0,95,96,99,75,59
2025-03-20 15:41:50.057,178.0,-274.0,1022.0,-171.0,328.0,150.0,105,88,105,83,65
2025-03-20 15:41:50.093,209.0,-376.0,753.0,-163.0,410.0,127.0,104,76,107,79,65
2025-03-20 15:41:50.118,17.0,-818.0,113.0,-99.0,397.0,179.0,106,59,100,69,51
2025-03-20 15:41:50.139,-327.0,-409.0,151.0,38.0,304.0,227.0,94,31,101,73,53
2025-03-20 15:41:50.162,-4.0,-105.0,185.0,25.0,334.0,222.0,102,75,117,67,57
2025-03-20 15:41:50.178,-317.0,118.0,-43.0,11.0,304.0,193.0,117,74,130,81,53
2025-03-20 15:41:50.211,-477.0,208.0,-398.0,21.0,262.0,151.0,128,16,140,69,61
2025-03-20 15:41:50.236,-642.0,357.0,-511.0,40.0,177.0,75.0,132,101,148,71,63
2025-03-20 15:41:50.261,-516.0,965.0,-716.0,15.0,113.0,35.0,133,102,153,85,68
2025-03-20 15:41:50.284,-761.0,1858.0,-2490.0,-8.0,-93.0,-147.0,118,91,155,77,63
2025-03-20 15:41:50.308,-1174.0,2658.0,-3373.0,33.0,-481.0,-513.0,94,89,151,47,49
2025-03-20 15:41:50.332,335.0,2313.0,-3041.0,-133.0,-1058.0,-809.0,87,113,153,51,49
2025-03-20 15:41:50.356,5283.0,-1702.0,-421.0,-242.0,-1266.0,-713.0,100,87,158,49,47
2025-03-20 15:41:50.381,5249.0,-4096.0,3354.0,99.0,-433.0,-188.0,112,15,162,82,67
2025-03-20 15:41:50.405,3411.0,-3519.0,3249.0,192.0,291.0,74.0,117,69,171,97,75
2025-03-20 15:41:50.429,778.0,-1492.0,1932.0,56.0,329.0,110.0,107,73,175,88,77
2025-03-20 15:41:50.454,473.0,-1751.0,1454.0,-171.0,259.0,214.0,114,107,171,90,74
2025-03-20 15:41:50.475,14.0,-1146.0,987.0,-99.0,258.0,257.0,119,91,171,97,76
2025-03-20 15:41:50.499,-138.0,-661.0,811.0,-32.0,294.0,250.0,118,95,168,98,72
2025-03-20 15:41:50.511,-46.0,-643.0,382.0,14.0,305.0,222.0,108,94,155,81,56
2025-03-20 15:41:50.548,-152.0,-292.0,265.0,20.0,255.0,218.0,101,107,156,83,59
2025-03-20 15:41:50.566,-153.0,-143.0,194.0,-21.0,218.0,225.0,106,106,159,85,64
2025-03-20 15:41:50.597,-239.0,-194.0,182.0,-19.0,231.0,219.0,107,122,160,89,65
2025-03-20 15:41:50.615,-238.0,-193.0,-58.0,89.0,220.0,199.0,113,128,161,88,68
2025-03-20 15:41:50.643,-364.0,441.0,-51.0,96.0,200.0,155.0,119,124,167,99,75
2025-03-20 15:41:50.667,-594.0,717.0,-464.0,43.0,159.0,127.0,116,118,167,97,71
2025-03-20 15:41:50.689,-868.0,1416.0,-1689.0,97.0,41.0,45.0,122,120,166,87,72
2025-03-20 15:41:50.713,-1607.0,2997.0,-3174.0,164.0,-293.0,-311.0,108,113,159,80,59
2025-03-20 15:41:50.741,-651.0,3289.0,-2832.0,-11.0,-871.0,-754.0,95,117,156,84,59
2025-03-20 15:41:50.765,4487.0,744.0,-2577.0,-241.0,-1435.0,-756.0,91,75,151,74,59
2025-03-20 15:41:50.790,6473.0,-5345.0,3201.0,134.0,-758.0,-256.0,114,13,156,91,62
2025-03-20 15:41:50.814,3740.0,-2906.0,3858.0,330.0,319.0,-12.0,117,63,159,83,68
2025-03-20 15:41:50.836,883.0,-1446.0,1894.0,124.0,393.0,40.0,107,91,161,81,71
2025-03-20 15:41:50.860,371.0,-1420.0,1525.0,-149.0,310.0,128.0,121,101,170,107,82
2025-03-20 15:41:50.884,77.0,-1083.0,1336.0,-172.0,288.0,192.0,123,102,165,102,81
2025-03-20 15:41:50.909,1.0,-792.0,1125.0,-87.0,319.0,173.0,146,126,169,96,92
2025-03-20 15:41:50.933,-113.0,-785.0,819.0,39.0,380.0,135.0,131,100,135,70,67
2025-03-20 15:41:50.949,-93.0,-487.0,484.0,-35.0,380.0,181.0,130,84,117,77,65
2025-03-20 15:41:50.981,-97.0,-551.0,543.0,-46.0,321.0,228.0,132,98,111,85,68
2025-03-20 15:41:51.003,-274.0,-315.0,185.0,37.0,297.0,212.0,124,75,103,77,68
2025-03-20 15:41:51.028,-479.0,-85.0,-108.0,25.0,272.0,210.0,121,66,102,82,69
2025-03-20 15:41:51.052,-595.0,-47.0,-562.0,15.0,166.0,213.0,114,90,105,80,73
2025-03-20 15:41:51.076,-513.0,440.0,-958.0,117.0,84.0,163.0,107,82,104,72,73
2025-03-20 15:41:51.099,-1362.0,1217.0,-2217.0,130.0,-148.0,2.0,95,82,97,74,68
2025-03-20 15:41:51.126,-1151.0,1811.0,-4081.0,197.0,-669.0,-224.0,93,63,86,79,63
2025-03-20 15:41:51.149,1810.0,1966.0,-3583.0,196.0,-1150.0,-328.0,83,57,80,72,54
2025-03-20 15:41:51.171,3788.0,-465.0,-194.0,343.0,-1109.0,-164.0,87,67,78,77,55
2025-03-20 15:41:51.195,3399.0,369.0,3468.0,467.0,-659.0,-149.0,93,74,84,82,58
2025-03-20 15:41:51.220,3137.0,164.0,4791.0,202.0,-80.0,-83.0,103,92,94,91,67
2025-03-20 15:41:51.244,2029.0,442.0,3908.0,-19.0,98.0,2.0,100,74,92,85,66
2025-03-20 15:41:51.269,1310.0,-253.0,2829.0,-146.0,223.0,55.0,104,94,100,97,72
2025-03-20 15:41:51.294,718.0,-272.0,2157.0,-135.0,310.0,44.0,102,106,99,103,72
2025-03-20 15:41:51.318,322.0,-87.0,1479.0,-108.0,308.0,32.0,101,107,99,105,74
2025-03-20 15:41:51.339,355.0,10.0,1337.0,-152.0,328.0,49.0,88,93,85,89,58
2025-03-20 15:41:51.364,220.0,-484.0,723.0,-142.0,373.0,100.0,93,100,92,96,60
2025-03-20 15:41:51.388,-185.0,79.0,245.0,-54.0,286.0,48.0,92,101,91,98,63
2025-03-20 15:41:51.412,20.0,90.0,577.0,-74.0,293.0,41.0,86,92,84,90,55
2025-03-20 15:41:51.437,34.0,-21.0,364.0,-144.0,368.0,77.0,91,86,89,91,60
2025-03-20 15:41:51.460,-257.0,-262.0,-269.0,-70.0,286.0,171.0,93,91,94,99,63
2025-03-20 15:41:51.486,-236.0,509.0,-99.0,-64.0,213.0,156.0,94,96,94,94,63
2025-03-20 15:41:51.507,-266.0,796.0,-393.0,-49.0,245.0,56.0,84,61,94,97,64
2025-03-20 15:41:51.531,-740.0,765.0,-1559.0,-37.0,121.0,41.0,92,83,92,95,63
2025-03-20 15:41:51.556,-1717.0,1556.0,-3401.0,115.0,-214.0,-141.0,81,70,81,86,53
2025-03-20 15:41:51.581,-676.0,1970.0,-3897.0,131.0,-842.0,-378.0,84,73,82,86,53
2025-03-20 15:41:51.605,2930.0,-537.0,-2562.0,41.0,-1293.0,-254.0,89,85,85,93,60
2025-03-20 15:41:51.629,5398.0,-1241.0,3025.0,402.0,-848.0,-64.0,97,96,93,95,62
2025-03-20 15:41:51.654,3950.0,138.0,6046.0,377.0,-104.0,-97.0,100,93,97,92,66
2025-03-20 15:41:51.674,2046.0,313.0,4524.0,-22.0,230.0,-7.0,99,85,97,92,68
2025-03-20 15:41:51.700,1023.0,-183.0,2684.0,-221.0,283.0,65.0,104,101,95,96,71
2025-03-20 15:41:51.712,278.0,338.0,1354.0,-294.0,270.0,92.0,107,101,102,96,70
2025-03-20 15:41:51.749,85.0,-306.0,1330.0,-260.0,268.0,74.0,105,95,100,92,68
2025-03-20 15:41:51.773,282.0,-634.0,1063.0,-175.0,337.0,89.0,102,93,100,93,68
2025-03-20 15:41:51.797,242.0,-450.0,640.0,-131.0,382.0,133.0,105,96,96,85,61
2025-03-20 15:41:51.821,-66.0,-82.0,570.0,-132.0,360.0,111.0,111,77,100,83,64
2025-03-20 15:41:51.843,92.0,93.0,397.0,-193.0,389.0,97.0,114,84,107,94,71
2025-03-20 15:41:51.866,226.0,45.0,512.0,-142.0,409.0,116.0,133,77,111,94,68
2025-03-20 15:41:51.891,931.0,931.0,931.0,116.0,116.0,143.0,124,61,100,80,56
2025-03-20 15:41:51.915,-396.0,136.0,-711.0,-157.0,313.0,158.0,133,68,109,96,66
2025-03-20 15:41:51.938,-446.0,971.0,-1036.0,-53.0,108.0,107.0,140,62,115,95,77
2025-03-20 15:41:51.962,-461.0,1747.0,-1530.0,51.0,30.0,-42.0,135,45,108,90,72
2025-03-20 15:41:51.986,-974.0,2910.0,-3011.0,115.0,-185.0,-366.0,128,45,95,85,61
2025-03-20 15:41:52.011,-303.0,2770.0,-3641.0,95.0,-641.0,-716.0,117,38,92,81,61
2025-03-20 15:41:52.035,3202.0,2360.0,-2967.0,-77.0,-1271.0,-920.0,102,13,82,66,53
2025-03-20 15:41:52.060,7633.0,-4185.0,4122.0,-95.0,-920.0,-302.0,87,29,89,83,55
2025-03-20 15:41:52.084,4980.0,-5139.0,3216.0,391.0,320.0,-6.0,103,42,91,86,60
2025-03-20 15:41:52.108,638.0,-1496.0,1877.0,209.0,380.0,135.0,92,50,92,93,64
2025-03-20 15:41:52.133,178.0,-1730.0,1103.0,-305.0,181.0,119.0,97,39,96,92,69
2025-03-20 15:41:52.148,220.0,-2292.0,749.0,-206.0,155.0,215.0,113,60,101,103,72
2025-03-20 15:41:52.179,123.0,-1515.0,891.0,-65.0,216.0,290.0,111,50,101,95,73
2025-03-20 15:41:52.196,-213.0,-606.0,358.0,-65.0,229.0,249.0,125,48,101,91,72
2025-03-20 15:41:52.224,-256.0,-410.0,358.0,-88.0,208.0,203.0,113,41,95,90,62
2025-03-20 15:41:52.253,-246.0,-540.0,142.0,-75.0,148.0,209.0,116,50,94,78,63
2025-03-20 15:41:52.277,-165.0,-235.0,334.0,-44.0,192.0,202.0,112,45,92,74,57
2025-03-20 15:41:52.301,-378.0,-373.0,-23.0,-38.0,185.0,205.0,115,47,93,88,62
2025-03-20 15:41:52.322,1646.0,1646.0,1646.0,205.0,205.0,205.0,120,49,99,93,69
2025-03-20 15:41:52.342,1646.0,1646.0,1646.0,205.0,205.0,205.0,114,34,90,83,59
2025-03-20 15:41:52.367,-670.0,22.0,-192.0,61.0,158.0,193.0,123,49,97,92,66
2025-03-20 15:41:52.391,-740.0,412.0,-270.0,27.0,111.0,176.0,135,64,110,104,80
2025-03-20 15:41:52.416,-443.0,933.0,-1021.0,44.0,22.0,22.0,127,51,101,95,70
2025-03-20 15:41:52.433,182.0,182.0,182.0,22.0,22.0,19.0,110,42,93,86,60
2025-03-20 15:41:52.460,157.0,157.0,157.0,19.0,19.0,19.0,129,40,104,99,71
2025-03-20 15:41:52.485,291.0,3622.0,-2922.0,-46.0,-926.0,-897.0,117,51,106,93,77
2025-03-20 15:41:52.510,6555.0,-480.0,807.0,-50.0,-1291.0,-831.0,98,38,89,80,58
2025-03-20 15:41:52.531,7899.0,-5790.0,5429.0,528.0,-20.0,86.0,96,49,100,83,63
2025-03-20 15:41:52.555,184.0,-444.0,1764.0,502.0,446.0,16.0,107,52,97,82,56
2025-03-20 15:41:52.566,-1105.0,560.0,880.0,17.0,214.0,15.0,103,43,100,92,60
2025-03-20 15:41:52.605,-717.0,-1231.0,968.0,48.0,94.0,0.0,107,50,100,94,63
2025-03-20 15:41:52.621,-870.0,-422.0,770.0,161.0,45.0,-5.0,114,54,101,94,62
2025-03-20 15:41:52.653,-729.0,-466.0,491.0,183.0,-22.0,-47.0,117,51,96,96,62
2025-03-20 15:41:52.677,-382.0,-404.0,700.0,238.0,-77.0,-55.0,137,59,101,102,66
2025-03-20 15:41:52.699,-377.0,-331.0,767.0,261.0,-44.0,-64.0,134,52,95,95,56
2025-03-20 15:41:52.724,-546.0,10.0,580.0,268.0,-59.0,-92.0,131,41,89,92,52
2025-03-20 15:41:52.748,-303.0,-256.0,834.0,229.0,-120.0,-113.0,132,45,86,92,53
2025-03-20 15:41:52.772,239.0,-703.0,1253.0,186.0,-94.0,-93.0,136,48,87,91,57
2025-03-20 15:41:52.797,1224.0,-2240.0,1671.0,175.0,-70.0,48.0,143,54,88,96,59
2025-03-20 15:41:52.821,2410.0,-2788.0,3116.0,-62.0,89.0,344.0,147,48,90,94,60
2025-03-20 15:41:52.846,3145.0,-2613.0,2898.0,-350.0,309.0,722.0,151,45,92,95,61
2025-03-20 15:41:52.870,3301.0,-948.0,1172.0,-148.0,315.0,933.0,169,62,110,107,81
2025-03-20 15:41:52.889,1902.0,2850.0,836.0,-222.0,293.0,781.0,166,68,108,108,78
2025-03-20 15:41:52.913,218.0,4145.0,-209.0,37.0,137.0,239.0,157,55,99,92,51
2025-03-20 15:41:52.930,-166.0,4765.0,310.0,116.0,98.0,26.0,136,55,97,91,54
2025-03-20 15:41:52.964,-378.0,3722.0,316.0,126.0,23.0,-252.0,154,52,94,90,56
2025-03-20 15:41:52.990,-269.0,1652.0,117.0,146.0,-144.0,-380.0,129,56,95,92,60
2025-03-20 15:41:53.014,380.0,461.0,544.0,158.0,-308.0,-369.0,150,59,102,96,68
2025-03-20 15:41:53.038,823.0,-715.0,1402.0,161.0,-238.0,-323.0,162,57,104,105,73
2025-03-20 15:41:53.059,523.0,-170.0,1470.0,207.0,-120.0,-277.0,147,57,105,98,71
2025-03-20 15:41:53.084,-34.0,355.0,1077.0,211.0,-152.0,-256.0,154,63,103,104,72
2025-03-20 15:41:53.108,-33.0,42.0,838.0,37.0,-198.0,-234.0,160,62,102,98,69
2025-03-20 15:41:53.131,287.0,-557.0,1276.0,115.0,-188.0,-196.0,150,48,85,90,55
2025-03-20 15:41:53.157,64.0,74.0,1216.0,216.0,-143.0,-175.0,151,45,87,92,58
2025-03-20 15:41:53.182,-125.0,369.0,1375.0,64.0,-118.0,-120.0,155,52,91,99,62
2025-03-20 15:41:53.203,147.0,17.0,1240.0,-28.0,-94.0,-77.0,159,56,93,99,64
2025-03-20 15:41:53.227,250.0,-219.0,1315.0,16.0,-51.0,-85.0,159,54,93,101,66
2025-03-20 15:41:53.252,330.0,-459.0,1189.0,27.0,-40.0,-50.0,165,63,98,105,70
2025-03-20 15:41:53.277,1013.0,-1586.0,1443.0,-11.0,-31.0,75.0,165,65,100,107,74
2025-03-20 15:41:53.301,2098.0,-2118.0,2123.0,-125.0,44.0,356.0,167,63,100,107,72
2025-03-20 15:41:53.325,2933.0,-2164.0,2394.0,-330.0,223.0,714.0,159,50,95,98,64
2025-03-20 15:41:53.349,3467.0,300.0,1522.0,-349.0,356.0,954.0,158,48,91,92,59
2025-03-20 15:41:53.373,2360.0,3239.0,1668.0,-449.0,409.0,823.0,158,52,93,91,61
2025-03-20 15:41:53.395,754.0,4108.0,1289.0,26.0,425.0,212.0,156,53,94,86,60
2025-03-20 15:41:53.420,-817.0,4389.0,855.0,64.0,400.0,42.0,156,63,103,91,66
2025-03-20 15:41:53.444,-470.0,2685.0,985.0,-1.0,270.0,-174.0,152,61,98,86,64
2025-03-20 15:41:53.468,-161.0,-42.0,1145.0,18.0,202.0,-218.0,159,66,104,92,67
2025-03-20 15:41:53.493,-170.0,-1284.0,1202.0,47.0,243.0,-121.0,154,61,105,86,73
2025-03-20 15:41:53.518,-522.0,-731.0,584.0,-13.0,226.0,-95.0,149,59,104,102,71
2025-03-20 15:41:53.542,-763.0,-1300.0,572.0,127.0,195.0,-75.0,128,45,91,60,60
2025-03-20 15:41:53.563,-892.0,-749.0,373.0,229.0,186.0,-31.0,121,49,99,65,66
2025-03-20 15:41:53.588,-626.0,-886.0,-888.0,172.0,166.0,19.0,124,48,106,68,67
2025-03-20 15:41:53.612,-769.0,-295.0,-197.0,83.0,134.0,12.0,128,48,112,7,89
2025-03-20 15:41:53.637,-845.0,-105.0,55.0,155.0,160.0,54.0,126,61,124,9,98
2025-03-20 15:41:53.661,-773.0,543.0,-410.0,93.0,105.0,59.0,134,72,134,85,107
2025-03-20 15:41:53.682,-524.0,1442.0,-1232.0,97.0,27.0,-35.0,129,70,136,104,106
2025-03-20 15:41:53.710,-678.0,2290.0,-2109.0,80.0,-145.0,-332.0,122,87,137,115,105
2025-03-20 15:41:53.735,-765.0,2232.0,-2690.0,-172.0,-389.0,-696.0,124,80,140,111,105
2025-03-20 15:41:53.759,525.0,1415.0,-3022.0,-272.0,-629.0,-926.0,135,27,146,114,110
2025-03-20 15:41:53.780,5583.0,536.0,-40.0,-180.0,-1131.0,-893.0,133,71,149,116,111
2025-03-20 15:41:53.804,6038.0,-5950.0,2451.0,-82.0,-821.0,-359.0,139,68,154,101,110
2025-03-20 15:41:53.821,3642.0,-5053.0,3001.0,404.0,210.0,143.0,151,89,170,131,137
2025-03-20 15:41:53.854,1515.0,-1939.0,1683.0,260.0,527.0,274.0,143,89,166,129,133
2025-03-20 15:41:53.878,67.0,-819.0,665.0,-141.0,435.0,229.0,142,83,152,118,120
2025-03-20 15:41:53.903,-573.0,-1065.0,487.0,-119.0,104.0,262.0,149,78,157,125,124
2025-03-20 15:41:53.926,-177.0,-1119.0,567.0,24.0,74.0,241.0,144,104,155,120,119
2025-03-20 15:41:53.948,-238.0,-486.0,991.0,17.0,279.0,246.0,132,101,152,120,118
2025-03-20 15:41:53.972,-383.0,-271.0,40.0,20.0,264.0,260.0,142,109,152,123,120
2025-03-20 15:41:53.997,-350.0,-347.0,128.0,129.0,269.0,293.0,140,112,157,125,121
2025-03-20 15:41:54.021,-174.0,-105.0,305.0,111.0,244.0,304.0,139,110,151,123,117
2025-03-20 15:41:54.046,-715.0,213.0,-394.0,105.0,191.0,252.0,137,102,152,124,118
2025-03-20 15:41:54.071,-692.0,282.0,-243.0,71.0,150.0,173.0,135,113,152,123,119
2025-03-20 15:41:54.095,-680.0,136.0,78.0,30.0,59.0,107.0,124,99,142,113,110
2025-03-20 15:41:54.117,-696.0,476.0,-145.0,31.0,66.0,62.0,122,100,144,115,101
2025-03-20 15:41:54.140,-542.0,1017.0,-720.0,90.0,52.0,51.0,123,89,145,115,107
2025-03-20 15:41:54.165,-945.0,1900.0,-2851.0,84.0,-242.0,-103.0,129,92,146,119,113
2025-03-20 15:41:54.190,-1282.0,2437.0,-2198.0,-20.0,-488.0,-524.0,133,102,148,119,114
2025-03-20 15:41:54.213,-925.0,2155.0,-1423.0,-319.0,-616.0,-960.0,139,111,150,123,119
2025-03-20 15:41:54.239,7372.0,2853.0,2828.0,-269.0,-1084.0,-995.0,139,95,155,124,123
2025-03-20 15:41:54.263,5805.0,-7713.0,2975.0,-55.0,-654.0,-124.0,139,69,150,100,119
2025-03-20 15:41:54.287,2611.0,-3288.0,2158.0,548.0,318.0,254.0,126,70,148,96,118
2025-03-20 15:41:54.312,-19.0,-423.0,1756.0,267.0,476.0,171.0,140,51,147,78,115
2025-03-20 15:41:54.331,-1158.0,163.0,695.0,140.0,209.0,62.0,136,53,135,36,102
2025-03-20 15:41:54.358,-996.0,-395.0,484.0,-17.0,87.0,37.0,145,60,140,30,97
2025-03-20 15:41:54.381,-504.0,-581.0,872.0,76.0,82.0,31.0,156,59,133,33,74
2025-03-20 15:41:54.407,-235.0,-572.0,571.0,208.0,84.0,18.0,134,58,118,24,68
2025-03-20 15:41:54.429,-115.0,-481.0,200.0,220.0,55.0,-4.0,137,30,100,6,52
2025-03-20 15:41:54.456,-381.0,-197.0,502.0,219.0,-13.0,-9.0,135,53,101,26,48
2025-03-20 15:41:54.476,-554.0,53.0,471.0,319.0,-25.0,-57.0,141,51,96,54,54
2025-03-20 15:41:54.501,-500.0,70.0,717.0,342.0,-27.0,-88.0,139,45,92,62,51
2025-03-20 15:41:54.526,-430.0,-87.0,585.0,314.0,-76.0,-123.0,153,54,96,77,57
2025-03-20 15:41:54.550,311.0,-986.0,624.0,259.0,-181.0,-89.0,159,58,100,92,63
2025-03-20 15:41:54.574,1865.0,-2360.0,2416.0,114.0,-106.0,127.0,162,54,102,90,66
2025-03-20 15:41:54.599,2834.0,-2458.0,3338.0,-95.0,150.0,365.0,158,55,102,87,67
2025-03-20 15:41:54.624,2654.0,-1593.0,2390.0,-231.0,345.0,679.0,173,70,111,92,72
2025-03-20 15:41:54.648,2713.0,1062.0,1201.0,-298.0,333.0,915.0,147,44,85,72,48
2025-03-20 15:41:54.669,1270.0,3924.0,535.0,-331.0,254.0,660.0,147,41,85,71,44
2025-03-20 15:41:54.693,-248.0,4388.0,5.0,140.0,257.0,85.0,152,45,91,76,49
2025-03-20 15:41:54.718,-590.0,3841.0,-16.0,74.0,117.0,-60.0,126,50,99,84,58
2025-03-20 15:41:54.742,-253.0,2338.0,228.0,-20.0,49.0,-232.0,159,58,98,87,61
2025-03-20 15:41:54.767,-32.0,357.0,461.0,-6.0,-59.0,-278.0,160,59,100,89,60
2025-03-20 15:41:54.792,396.0,-841.0,1381.0,105.0,-36.0,-204.0,153,64,108,99,71
2025-03-20 15:41:54.816,-200.0,-435.0,1022.0,152.0,18.0,-130.0,150,69,110,101,72
2025-03-20 15:41:54.837,-732.0,-59.0,731.0,105.0,52.0,-189.0,140,50,96,85,57
2025-03-20 15:41:54.862,-878.0,56.0,363.0,167.0,-55.0,-227.0,149,54,93,85,57
2025-03-20 15:41:54.886,-619.0,306.0,365.0,175.0,-143.0,-214.0,151,54,93,86,56
2025-03-20 15:41:54.910,-549.0,492.0,607.0,185.0,-189.0,-274.0,149,46,93,86,54
2025-03-20 15:41:54.935,-355.0,30.0,609.0,189.0,-223.0,-234.0,157,59,97,93,62
2025-03-20 15:41:54.959,-362.0,423.0,714.0,221.0,-248.0,-224.0,158,62,101,95,66
2025-03-20 15:41:54.984,-45.0,141.0,1023.0,133.0,-202.0,-206.0,156,55,99,95,64
2025-03-20 15:41:55.005,420.0,-477.0,1261.0,110.0,-177.0,-157.0,159,55,97,94,61
2025-03-20 15:41:55.030,1574.0,-1922.0,2140.0,73.0,-132.0,-18.0,158,53,97,88,63
2025-03-20 15:41:55.055,2836.0,-2421.0,3284.0,-157.0,46.0,320.0,148,44,90,78,54
2025-03-20 15:41:55.078,3089.0,-1824.0,3173.0,-525.0,297.0,622.0,150,50,96,85,56
2025-03-20 15:41:55.103,2411.0,-773.0,1276.0,-326.0,430.0,866.0,144,48,94,84,54
2025-03-20 15:41:55.127,1492.0,3566.0,888.0,-295.0,320.0,846.0,144,50,95,87,54
2025-03-20 15:41:55.151,-100.0,4563.0,465.0,119.0,354.0,154.0,142,43,94,82,55
2025-03-20 15:41:55.173,-661.0,3561.0,49.0,124.0,299.0,53.0,150,65,112,97,70
2025-03-20 15:41:55.198,-830.0,2394.0,579.0,-22.0,239.0,-159.0,150,68,109,96,70
2025-03-20 15:41:55.222,-769.0,355.0,845.0,-82.0,124.0,-258.0,147,67,111,93,69
2025-03-20 15:41:55.247,-386.0,-1304.0,1047.0,-36.0,135.0,-169.0,151,58,109,88,62
2025-03-20 15:41:55.271,-492.0,-925.0,511.0,22.0,156.0,-85.0,139,49,110,88,59
2025-03-20 15:41:55.295,-757.0,-709.0,249.0,-18.0,210.0,-55.0,141,58,111,68,58
2025-03-20 15:41:55.320,-547.0,-772.0,345.0,74.0,167.0,-17.0,134,68,122,78,61
2025-03-20 15:41:55.341,-589.0,-532.0,618.0,129.0,166.0,47.0,150,79,138,99,73
2025-03-20 15:41:55.366,-771.0,157.0,-114.0,143.0,166.0,90.0,149,85,146,75,77
2025-03-20 15:41:55.390,-895.0,556.0,-50.0,164.0,133.0,66.0,147,77,152,76,80
2025-03-20 15:41:55.414,-731.0,1174.0,-391.0,140.0,97.0,-12.0,137,90,153,86,78
2025-03-20 15:41:55.439,-794.0,1602.0,-1274.0,52.0,-9.0,-200.0,152,92,161,94,79
2025-03-20 15:41:55.463,-1162.0,2604.0,-2917.0,10.0,-309.0,-532.0,118,67,148,7,51
2025-03-20 15:41:55.487,-56.0,2179.0,-4084.0,-154.0,-871.0,-885.0,101,86,154,10,54
2025-03-20 15:41:55.512,4153.0,197.0,-3326.0,-165.0,-1394.0,-720.0,98,46,158,14,62
2025-03-20 15:41:55.532,6847.0,-4314.0,2564.0,65.0,-866.0,-275.0,124,14,158,65,59
2025-03-20 15:41:55.558,4429.0,-4051.0,3836.0,153.0,159.0,75.0,118,18,162,51,62
2025-03-20 15:41:55.582,1060.0,-1394.0,2277.0,95.0,385.0,119.0,98,71,172,90,77
2025-03-20 15:41:55.605,468.0,-1352.0,1485.0,-221.0,298.0,185.0,121,75,172,102,77
2025-03-20 15:41:55.627,40.0,-1275.0,982.0,-160.0,291.0,260.0,112,75,161,77,66
2025-03-20 15:41:55.656,-415.0,-629.0,524.0,-61.0,296.0,280.0,121,103,160,77,65
2025-03-20 15:41:55.680,-449.0,-177.0,321.0,-63.0,254.0,236.0,104,101,154,79,59
2025-03-20 15:41:55.702,-309.0,-521.0,389.0,-39.0,230.0,223.0,91,75,151,84,54
2025-03-20 15:41:55.726,-324.0,-492.0,291.0,43.0,230.0,226.0,94,87,152,84,57
2025-03-20 15:41:55.750,-589.0,-161.0,136.0,83.0,196.0,190.0,98,110,155,83,62
2025-03-20 15:41:55.775,-575.0,-104.0,181.0,57.0,162.0,124.0,100,111,155,87,60
2025-03-20 15:41:55.799,-524.0,-231.0,208.0,68.0,165.0,92.0,104,115,155,85,62
2025-03-20 15:41:55.824,-677.0,-57.0,95.0,62.0,149.0,106.0,94,112,155,85,63
2025-03-20 15:41:55.845,-781.0,602.0,-361.0,23.0,126.0,88.0,97,109,154,68,63
2025-03-20 15:41:55.870,-1227.0,1605.0,-2355.0,60.0,-28.0,-18.0,97,109,145,61,52
2025-03-20 15:41:55.887,-1572.0,3554.0,-3758.0,90.0,-490.0,-464.0,93,113,151,63,53
2025-03-20 15:41:55.918,900.0,3225.0,-2870.0,-66.0,-1118.0,-845.0,85,99,152,40,55
2025-03-20 15:41:55.942,6417.0,-2805.0,5.0,-44.0,-1136.0,-587.0,100,41,151,86,57
2025-03-20 15:41:55.967,5707.0,-3778.0,4367.0,324.0,-116.0,6.0,107,9,152,76,54
2025-03-20 15:41:55.992,1179.0,-1729.0,2823.0,240.0,293.0,38.0,100,66,154,75,58
2025-03-20 15:41:56.002,-428.0,-331.0,1196.0,33.0,194.0,58.0,111,72,162,96,68
2025-03-20 15:41:56.038,-115.0,-676.0,1374.0,57.0,192.0,41.0,109,70,158,99,63
2025-03-20 15:41:56.062,-319.0,-216.0,917.0,89.0,223.0,10.0,109,60,151,85,56
2025-03-20 15:41:56.086,-502.0,-227.0,567.0,117.0,195.0,-17.0,113,74,150,81,57
2025-03-20 15:41:56.099,-278.0,-646.0,437.0,192.0,142.0,-17.0,119,83,147,77,56
2025-03-20 15:41:56.135,-238.0,-422.0,341.0,288.0,103.0,11.0,127,77,143,89,56
2025-03-20 15:41:56.160,-685.0,-367.0,-4.0,277.0,9.0,0.0,129,77,143,91,63
2025-03-20 15:41:56.184,-616.0,153.0,524.0,258.0,-15.0,-25.0,132,62,137,86,62
2025-03-20 15:41:56.206,-460.0,97.0,937.0,316.0,14.0,-51.0,144,65,133,85,61
2025-03-20 15:41:56.230,-561.0,329.0,845.0,306.0,-19.0,-65.0,146,63,122,92,63
2025-03-20 15:41:56.255,-478.0,224.0,957.0,185.0,-82.0,-69.0,143,49,104,88,57
2025-03-20 15:41:56.279,897.0,-1538.0,1929.0,145.0,-87.0,36.0,140,47,90,82,53
2025-03-20 15:41:56.303,1792.0,-2107.0,3176.0,-100.0,21.0,294.0,144,41,87,79,53
2025-03-20 15:41:56.328,2974.0,-3082.0,2905.0,-224.0,223.0,711.0,146,43,86,72,50
2025-03-20 15:41:56.351,2506.0,598.0,2447.0,-355.0,294.0,816.0,147,46,85,83,48
2025-03-20 15:41:56.374,1537.0,2473.0,1487.0,-397.0,289.0,646.0,151,52,90,85,54
2025-03-20 15:41:56.398,-77.0,4094.0,103.0,-126.0,249.0,239.0,152,50,93,84,56
2025-03-20 15:41:56.423,-361.0,4156.0,160.0,114.0,151.0,20.0,149,43,92,85,50
2025-03-20 15:41:56.447,-446.0,3226.0,148.0,37.0,49.0,-173.0,152,44,95,88,52
2025-03-20 15:41:56.471,-92.0,1043.0,334.0,15.0,-58.0,-255.0,153,52,96,88,60
2025-03-20 15:41:56.495,367.0,-628.0,1234.0,111.0,-73.0,-207.0,147,42,90,83,49
2025-03-20 15:41:56.520,8.0,285.0,2104.0,150.0,-27.0,-187.0,146,46,91,83,51
2025-03-20 15:41:56.541,-367.0,784.0,3016.0,78.0,-35.0,-172.0,138,48,93,86,49
2025-03-20 15:41:56.566,-467.0,-115.0,791.0,130.0,-78.0,-178.0,146,53,95,91,52
2025-03-20 15:41:56.590,-527.0,65.0,801.0,200.0,-105.0,-176.0,149,54,96,90,51
2025-03-20 15:41:56.614,-436.0,130.0,765.0,210.0,-136.0,-172.0,153,58,99,94,55
2025-03-20 15:41:56.639,-356.0,719.0,931.0,212.0,-153.0,-203.0,152,53,97,91,53
2025-03-20 15:41:56.663,-433.0,804.0,938.0,97.0,-154.0,-221.0,152,55,98,91,55
2025-03-20 15:41:56.688,-388.0,432.0,777.0,60.0,-165.0,-235.0,149,49,93,81,54
2025-03-20 15:41:56.709,-77.0,-393.0,688.0,126.0,-218.0,-211.0,147,53,90,88,52
2025-03-20 15:41:56.733,996.0,-2049.0,1145.0,235.0,-273.0,-23.0,146,50,97,86,52
2025-03-20 15:41:56.755,2657.0,-2279.0,3282.0,64.0,-153.0,338.0,150,54,91,77,56
2025-03-20 15:41:56.783,3150.0,-1831.0,3650.0,-324.0,210.0,700.0,154,58,97,81,58
2025-03-20 15:41:56.807,2495.0,965.0,2501.0,-422.0,413.0,822.0,155,59,100,91,59
2025-03-20 15:41:56.831,1785.0,2727.0,1717.0,-339.0,447.0,652.0,156,55,102,90,60
2025-03-20 15:41:56.856,-383.0,3710.0,809.0,-107.0,377.0,259.0,157,60,107,86,63
2025-03-20 15:41:56.877,-147.0,3004.0,1147.0,37.0,359.0,35.0,158,65,108,87,63
2025-03-20 15:41:56.901,-581.0,2148.0,753.0,-91.0,315.0,-107.0,142,53,99,81,49
2025-03-20 15:41:56.927,-235.0,-348.0,743.0,-133.0,211.0,-116.0,132,57,96,74,52
2025-03-20 15:41:56.949,-373.0,-804.0,958.0,-21.0,192.0,-79.0,139,51,95,67,56
2025-03-20 15:41:56.973,-501.0,-491.0,583.0,-30.0,209.0,-83.0,146,48,94,78,56
2025-03-20 15:41:57.000,-867.0,-795.0,732.0,28.0,183.0,-63.0,135,56,97,62,58
2025-03-20 15:41:57.024,-369.0,-1062.0,394.0,185.0,227.0,-35.0,141,56,102,55,63
2025-03-20 15:41:57.046,-782.0,-157.0,480.0,80.0,264.0,-15.0,112,54,98,65,58
2025-03-20 15:41:57.070,-705.0,95.0,111.0,35.0,269.0,-15.0,134,57,98,55,58
2025-03-20 15:41:57.094,-732.0,167.0,-243.0,79.0,245.0,-17.0,139,54,90,71,67
2025-03-20 15:41:57.119,-865.0,744.0,-562.0,65.0,170.0,-7.0,138,51,86,55,61
2025-03-20 15:41:57.143,-792.0,1441.0,-1220.0,-21.0,62.0,-61.0,132,44,81,57,53
2025-03-20 15:41:57.167,-650.0,2508.0,-1710.0,-33.0,-41.0,-323.0,121,49,80,32,50
2025-03-20 15:41:57.191,122.0,3043.0,-3614.0,-121.0,-298.0,-719.0,97,40,83,31,51
2025-03-20 15:41:57.213,916.0,2203.0,-4335.0,39.0,-934.0,-997.0,86,25,82,38,57
2025-03-20 15:41:57.237,6805.0,1267.0,-2068.0,-23.0,-1411.0,-963.0,91,25,82,39,48
2025-03-20 15:41:57.262,8524.0,-7729.0,5144.0,140.0,-378.0,-61.0,89,40,88,50,44
2025-03-20 15:41:57.286,2811.0,-3755.0,2423.0,451.0,411.0,-6.0,91,49,83,63,51
2025-03-20 15:41:57.310,440.0,-683.0,1300.0,-7.0,309.0,161.0,77,42,81,52,47
2025-03-20 15:41:57.336,361.0,-1745.0,1102.0,-331.0,210.0,174.0,109,48,84,53,51
2025-03-20 15:41:57.359,121.0,-1956.0,661.0,-167.0,235.0,282.0,90,42,85,62,49
2025-03-20 15:41:57.379,67.0,-863.0,747.0,-14.0,303.0,308.0,101,40,85,62,48
2025-03-20 15:41:57.404,-301.0,-404.0,282.0,-1.0,327.0,319.0,110,41,89,61,53
2025-03-20 15:41:57.420,-227.0,-343.0,196.0,16.0,298.0,336.0,99,48,91,70,56
2025-03-20 15:41:57.453,-279.0,25.0,199.0,11.0,254.0,336.0,96,37,89,67,55
2025-03-20 15:41:57.479,-306.0,150.0,7.0,46.0,255.0,250.0,104,40,90,63,55
2025-03-20 15:41:57.502,-706.0,67.0,-202.0,58.0,232.0,182.0,105,45,90,63,54
2025-03-20 15:41:57.525,-800.0,142.0,-248.0,20.0,142.0,149.0,106,40,87,70,51
2025-03-20 15:41:57.551,-344.0,545.0,-263.0,10.0,102.0,113.0,108,35,86,67,52
2025-03-20 15:41:57.573,-497.0,1387.0,-1438.0,110.0,59.0,96.0,111,47,86,69,51
2025-03-20 15:41:57.598,-1202.0,4508.0,-3021.0,118.0,-162.0,-332.0,107,41,86,69,52
2025-03-20 15:41:57.622,-461.0,4220.0,-3957.0,-10.0,-546.0,-839.0,100,27,85,48,50
2025-03-20 15:41:57.647,3347.0,1475.0,-2296.0,50.0,-1112.0,-984.0,120,33,87,34,53
2025-03-20 15:41:57.671,8232.0,-4830.0,2097.0,534.0,-980.0,-397.0,101,42,88,62,51
2025-03-20 15:41:57.694,4987.0,-2471.0,4031.0,651.0,221.0,104.0,108,49,90,67,47
2025-03-20 15:41:57.711,679.0,-1581.0,1658.0,307.0,336.0,-16.0,97,45,84,56,48
2025-03-20 15:41:57.742,-99.0,-1256.0,1061.0,98.0,185.0,153.0,108,47,87,64,54
2025-03-20 15:41:57.766,-126.0,-920.0,1303.0,195.0,124.0,122.0,113,48,87,74,35
2025-03-20 15:41:57.790,-454.0,-284.0,884.0,191.0,134.0,111.0,124,48,87,72,40
2025-03-20 15:41:57.815,-607.0,-73.0,824.0,162.0,73.0,92.0,133,40,94,19,48
2025-03-20 15:41:57.839,-425.0,173.0,650.0,198.0,31.0,83.0,133,48,94,6,56
2025-03-20 15:41:57.863,-351.0,47.0,833.0,97.0,42.0,106.0,131,44,92,6,58
2025-03-20 15:41:57.883,-326.0,313.0,578.0,76.0,38.0,105.0,136,39,91,9,37
2025-03-20 15:41:57.908,-261.0,186.0,540.0,95.0,42.0,96.0,123,43,91,7,67
2025-03-20 15:41:57.934,-226.0,408.0,643.0,153.0,63.0,84.0,123,31,82,3,60
2025-03-20 15:41:57.958,-399.0,761.0,459.0,166.0,38.0,55.0,131,42,85,3,92
2025-03-20 15:41:57.982,-705.0,1210.0,311.0,108.0,-33.0,27.0,123,41,84,3,98
2025-03-20 15:41:58.007,-1265.0,2054.0,310.0,106.0,-48.0,-64.0,107,43,86,5,105
2025-03-20 15:41:58.032,-2043.0,2603.0,-724.0,112.0,-55.0,-206.0,119,44,86,4,115
2025-03-20 15:41:58.056,-2053.0,2545.0,-1351.0,97.0,-209.0,-310.0,130,52,85,8,121
2025-03-20 15:41:58.077,194.0,1325.0,-382.0,132.0,-423.0,-317.0,101,53,86,7,109
2025-03-20 15:41:58.102,2314.0,153.0,2167.0,135.0,-400.0,-238.0,119,52,87,7,110
2025-03-20 15:41:58.126,2875.0,-1027.0,2900.0,-6.0,-207.0,-71.0,136,45,86,5,108
2025-03-20 15:41:58.151,2702.0,-1261.0,2810.0,-100.0,22.0,51.0,136,36,89,7,117
2025-03-20 15:41:58.175,1898.0,-518.0,1796.0,-25.0,222.0,70.0,137,35,87,5,112
2025-03-20 15:41:58.199,-54.0,214.0,1119.0,-38.0,239.0,99.0,132,43,84,2,122
2025-03-20 15:41:58.222,-134.0,450.0,1006.0,36.0,170.0,96.0,121,39,87,72,126
2025-03-20 15:41:58.246,-382.0,685.0,919.0,-16.0,134.0,90.0,131,43,88,51,126
2025-03-20 15:41:58.269,-382.0,618.0,798.0,-65.0,137.0,98.0,136,37,89,72,111
2025-03-20 15:41:58.294,-436.0,538.0,420.0,-36.0,159.0,70.0,126,48,89,85,120
2025-03-20 15:41:58.319,-626.0,654.0,167.0,-32.0,127.0,67.0,133,47,90,75,116
2025-03-20 15:41:58.343,-503.0,492.0,198.0,-67.0,75.0,88.0,128,36,85,69,109
2025-03-20 15:41:58.367,-353.0,468.0,337.0,-14.0,82.0,81.0,117,38,83,79,119
2025-03-20 15:41:58.392,-606.0,1006.0,206.0,12.0,39.0,49.0,121,47,86,78,121
2025-03-20 15:41:58.413,-1142.0,1798.0,-59.0,-51.0,-14.0,30.0,134,33,88,74,120
2025-03-20 15:41:58.438,-1771.0,1949.0,-855.0,-24.0,-9.0,-112.0,132,41,86,44,122
2025-03-20 15:41:58.462,-2669.0,2949.0,-2065.0,172.0,-206.0,-242.0,131,47,85,27,124
2025-03-20 15:41:58.487,-658.0,2323.0,-1637.0,18.0,-639.0,-299.0,120,42,85,4,125
2025-03-20 15:41:58.511,3281.0,-576.0,1965.0,71.0,-654.0,-195.0,125,44,86,47,110
2025-03-20 15:41:58.536,3763.0,-1006.0,4119.0,14.0,-176.0,-67.0,125,33,87,60,113
2025-03-20 15:41:58.560,2793.0,-1395.0,2940.0,-178.0,154.0,49.0,132,43,87,64,115
2025-03-20 15:41:58.584,1437.0,-597.0,2182.0,-216.0,335.0,98.0,130,37,87,70,118
2025-03-20 15:41:58.606,38.0,-279.0,685.0,-175.0,317.0,115.0,127,39,86,74,121
2025-03-20 15:41:58.630,-290.0,348.0,1757.0,-236.0,298.0,139.0,128,36,91,86,114
2025-03-20 15:41:58.654,-401.0,906.0,1229.0,-436.0,260.0,144.0,137,53,101,88,121
2025-03-20 15:41:58.679,-103.0,233.0,772.0,-420.0,362.0,153.0,139,51,102,63,93
2025-03-20 15:41:58.701,-355.0,197.0,568.0,-251.0,395.0,190.0,139,50,106,75,73
2025-03-20 15:41:58.726,-339.0,365.0,541.0,-93.0,418.0,222.0,138,41,111,81,91
2025-03-20 15:41:58.751,-336.0,318.0,71.0,-150.0,345.0,219.0,132,34,112,56,105
2025-03-20 15:41:58.773,-445.0,162.0,-348.0,-11.0,281.0,175.0,133,47,120,2,106
2025-03-20 15:41:58.798,-945.0,413.0,-707.0,29.0,145.0,103.0,131,52,124,86,106
2025-03-20 15:41:58.823,-888.0,691.0,-365.0,-1.0,79.0,30.0,128,57,126,100,104
2025-03-20 15:41:58.847,-352.0,952.0,-573.0,-63.0,44.0,-25.0,127,56,129,109,106
2025-03-20 15:41:58.871,-251.0,1325.0,-2183.0,-47.0,-109.0,-100.0,129,69,133,110,109
2025-03-20 15:41:58.896,-2465.0,1991.0,-2895.0,-92.0,-444.0,-354.0,130,82,136,110,114
2025-03-20 15:41:58.920,-359.0,2496.0,-2885.0,-204.0,-712.0,-728.0,133,78,140,111,122
2025-03-20 15:41:58.945,2396.0,1696.0,-2755.0,-339.0,-903.0,-980.0,114,66,144,110,116
2025-03-20 15:41:58.969,7069.0,-1723.0,-444.0,-656.0,-1053.0,-798.0,126,55,143,105,96
2025-03-20 15:41:58.991,5873.0,-5102.0,2610.0,-518.0,-322.0,-41.0,135,83,147,86,111
2025-03-20 15:41:59.016,3625.0,-4969.0,1181.0,613.0,476.0,202.0,114,38,148,108,115
2025-03-20 15:41:59.040,384.0,-1106.0,290.0,518.0,493.0,298.0,132,64,143,107,114
2025-03-20 15:41:59.064,-15.0,-803.0,752.0,20.0,379.0,303.0,116,44,145,110,121
2025-03-20 15:41:59.088,-314.0,-366.0,1033.0,-212.0,-212.0,-212.0,136,102,144,110,119
2025-03-20 15:41:59.113,-96.0,-752.0,873.0,92.0,249.0,217.0,130,100,144,112,119
2025-03-20 15:41:59.137,-481.0,-391.0,347.0,140.0,309.0,236.0,128,76,144,110,119
2025-03-20 15:41:59.159,-228.0,203.0,154.0,67.0,300.0,241.0,122,69,144,113,117
2025-03-20 15:41:59.182,115.0,93.0,659.0,181.0,330.0,266.0,123,88,145,111,119
2025-03-20 15:41:59.207,-533.0,281.0,-195.0,111.0,269.0,235.0,121,88,144,112,120
2025-03-20 15:41:59.231,-497.0,375.0,63.0,86.0,206.0,182.0,125,90,144,112,120
2025-03-20 15:41:59.257,-502.0,459.0,-414.0,81.0,96.0,133.0,124,92,144,112,121
2025-03-20 15:41:59.280,-641.0,2031.0,-2066.0,26.0,-2.0,14.0,118,95,143,112,113
2025-03-20 15:41:59.306,-1293.0,2372.0,-2582.0,-5.0,-312.0,-360.0,112,95,142,110,119
2025-03-20 15:41:59.330,-682.0,1994.0,-1798.0,-76.0,-536.0,-780.0,120,96,142,112,121
2025-03-20 15:41:59.347,2463.0,1260.0,316.0,-290.0,-939.0,-939.0,115,74,144,111,122
2025-03-20 15:41:59.375,5693.0,-2694.0,1179.0,-527.0,-726.0,-754.0,127,82,145,105,118
2025-03-20 15:41:59.400,4308.0,-5490.0,1127.0,-5.0,-235.0,14.0,130,99,147,109,120
2025-03-20 15:41:59.425,2929.0,-3454.0,1417.0,411.0,356.0,251.0,100,57,144,109,120
2025-03-20 15:41:59.449,58.0,-954.0,367.0,297.0,415.0,255.0,121,75,138,108,121
2025-03-20 15:41:59.474,30.0,-735.0,525.0,265.0,282.0,216.0,121,78,127,108,120
2025-03-20 15:41:59.498,-339.0,-778.0,688.0,74.0,119.0,210.0,118,69,123,104,119
2025-03-20 15:41:59.519,-214.0,-787.0,406.0,60.0,96.0,172.0,121,61,114,55,119
2025-03-20 15:41:59.543,-211.0,-737.0,236.0,134.0,125.0,174.0,119,1,96,30,117
2025-03-20 15:41:59.568,-105.0,-652.0,673.0,249.0,157.0,257.0,117,12,88,1,111
2025-03-20 15:41:59.592,-279.0,-227.0,-16.0,251.0,144.0,236.0,104,3,90,1,110
2025-03-20 15:41:59.608,-155.0,0.0,-263.0,257.0,60.0,202.0,100,9,89,42,49
2025-03-20 15:41:59.641,-487.0,73.0,109.0,242.0,-10.0,168.0,94,25,83,51,73
2025-03-20 15:41:59.666,-332.0,211.0,211.0,221.0,-93.0,151.0,89,34,86,63,89
2025-03-20 15:41:59.687,-650.0,1040.0,64.0,304.0,-131.0,93.0,87,35,84,71,86
2025-03-20 15:41:59.712,-1494.0,2806.0,-236.0,333.0,-121.0,-60.0,94,35,86,63,101
2025-03-20 15:41:59.736,-2280.0,3305.0,-885.0,290.0,-166.0,-196.0,96,31,86,54,105
2025-03-20 15:41:59.761,-1278.0,2967.0,-483.0,243.0,-356.0,-329.0,100,39,87,73,108
2025-03-20 15:41:59.785,1125.0,1363.0,1491.0,163.0,-411.0,-307.0,104,37,88,74,110
2025-03-20 15:41:59.808,2384.0,-502.0,2824.0,-30.0,-243.0,-176.0,109,39,89,86,121
2025-03-20 15:41:59.834,2070.0,-1561.0,2513.0,-98.0,-53.0,-43.0,114,40,90,82,117
2025-03-20 15:41:59.858,1453.0,-1218.0,2231.0,-43.0,96.0,27.0,110,35,90,76,75
2025-03-20 15:41:59.879,352.0,-832.0,767.0,-78.0,148.0,84.0,105,37,92,72,66
2025-03-20 15:41:59.904,-210.0,-59.0,1217.0,-48.0,96.0,114.0,110,36,93,87,107
2025-03-20 15:41:59.929,-423.0,192.0,933.0,-105.0,102.0,105.0,109,47,100,96,127
2025-03-20 15:41:59.952,-384.0,306.0,873.0,-58.0,140.0,86.0,114,45,99,97,107
2025-03-20 15:41:59.977,-532.0,498.0,617.0,-30.0,137.0,77.0,117,45,99,99,113
2025-03-20 15:41:59.996,-511.0,468.0,555.0,-67.0,80.0,86.0,113,48,98,92,113
2025-03-20 15:42:00.026,-295.0,212.0,740.0,-54.0,82.0,88.0,111,47,98,94,106
2025-03-20 15:42:00.048,-278.0,171.0,608.0,9.0,125.0,98.0,111,39,96,88,109
2025-03-20 15:42:00.072,-347.0,342.0,454.0,14.0,110.0,112.0,110,38,92,93,91
2025-03-20 15:42:00.096,-382.0,660.0,458.0,-5.0,72.0,105.0,109,40,94,83,108
2025-03-20 15:42:00.121,-535.0,1038.0,380.0,-3.0,93.0,105.0,110,37,97,87,116
2025-03-20 15:42:00.145,-1575.0,2458.0,-796.0,26.0,129.0,18.0,106,40,97,87,114
2025-03-20 15:42:00.170,-2792.0,3398.0,-2440.0,62.0,-66.0,-144.0,106,39,93,78,104
2025-03-20 15:42:00.190,-1706.0,3385.0,-1972.0,19.0,-422.0,-344.0,107,40,94,75,124
2025-03-20 15:42:00.216,1383.0,1047.0,376.0,-24.0,-596.0,-361.0,109,43,92,84,123
2025-03-20 15:42:00.240,3367.0,-1471.0,3414.0,-68.0,-316.0,-192.0,112,45,94,88,119
2025-03-20 15:42:00.262,2646.0,-2288.0,3225.0,-65.0,29.0,-67.0,113,34,90,85,123
2025-03-20 15:42:00.286,1420.0,-2116.0,3492.0,-81.0,135.0,62.0,116,39,95,89,76
2025-03-20 15:42:00.313,138.0,-1119.0,1593.0,-150.0,136.0,120.0,113,39,96,98,103
2025-03-20 15:42:00.338,-470.0,-250.0,1427.0,-142.0,123.0,143.0,114,46,97,97,103
2025-03-20 15:42:00.362,-716.0,434.0,1523.0,-220.0,158.0,118.0,101,43,96,91,119
2025-03-20 15:42:00.383,-336.0,9.0,1480.0,-287.0,213.0,121.0,106,43,99,93,122
2025-03-20 15:42:00.408,-378.0,-238.0,1099.0,-174.0,301.0,158.0,114,46,99,83,120
2025-03-20 15:42:00.432,-218.0,125.0,1312.0,-95.0,368.0,178.0,123,43,98,78,117
2025-03-20 15:42:00.456,-327.0,354.0,277.0,-134.0,377.0,178.0,128,39,98,62,87
2025-03-20 15:42:00.481,-548.0,179.0,-26.0,-140.0,331.0,192.0,123,35,106,64,87
2025-03-20 15:42:00.506,-908.0,283.0,-64.0,-28.0,269.0,158.0,129,34,111,77,81
2025-03-20 15:42:00.523,-584.0,770.0,-224.0,-25.0,227.0,114.0,129,53,118,76,69
2025-03-20 15:42:00.551,-683.0,812.0,-816.0,5.0,156.0,39.0,131,57,127,69,77
2025-03-20 15:42:00.575,-913.0,2298.0,-2087.0,59.0,8.0,-161.0,130,69,133,47,83
2025-03-20 15:42:00.601,-752.0,3100.0,-3485.0,-93.0,-337.0,-496.0,130,70,143,3,36
2025-03-20 15:42:00.625,359.0,2540.0,-3480.0,-53.0,-790.0,-729.0,125,89,148,2,34
2025-03-20 15:42:00.649,2768.0,1103.0,-2204.0,-100.0,-1122.0,-747.0,115,82,149,29,40
2025-03-20 15:42:00.674,5401.0,-1983.0,817.0,-33.0,-1109.0,-489.0,119,41,147,49,41
2025-03-20 15:42:00.698,5650.0,-3940.0,3843.0,50.0,-176.0,-31.0,128,57,145,68,45
2025-03-20 15:42:00.722,2715.0,-2625.0,2408.0,320.0,331.0,39.0,101,19,146,61,52
2025-03-20 15:42:00.744,398.0,-1326.0,1994.0,-6.0,243.0,129.0,99,78,146,72,55
2025-03-20 15:42:00.768,227.0,-1521.0,1561.0,-91.0,189.0,151.0,88,68,147,69,54
2025-03-20 15:42:00.789,-183.0,-804.0,1263.0,-14.0,228.0,147.0,115,60,149,71,52
2025-03-20 15:42:00.817,-259.0,-466.0,960.0,4.0,258.0,130.0,117,94,150,67,54
2025-03-20 15:42:00.840,-132.0,-450.0,667.0,-8.0,251.0,135.0,119,87,148,76,57
2025-03-20 15:42:00.866,-110.0,-275.0,574.0,2.0,246.0,134.0,116,99,150,71,55
2025-03-20 15:42:00.890,-169.0,-131.0,429.0,-34.0,252.0,147.0,114,102,147,73,54
2025-03-20 15:42:00.911,-144.0,-165.0,275.0,-41.0,272.0,172.0,113,89,147,73,53
2025-03-20 15:42:00.936,-259.0,-131.0,161.0,25.0,281.0,181.0,114,90,147,69,56
2025-03-20 15:42:00.961,-330.0,340.0,-27.0,21.0,275.0,170.0,114,90,148,74,58
2025-03-20 15:42:00.986,-684.0,718.0,-662.0,-67.0,202.0,151.0,113,103,148,77,57
2025-03-20 15:42:01.009,-1102.0,1325.0,-2023.0,80.0,33.0,-17.0,113,81,148,66,59
2025-03-20 15:42:01.034,-1527.0,3245.0,-3362.0,97.0,-345.0,-380.0,113,100,150,74,57
2025-03-20 15:42:01.058,-128.0,2392.0,-2962.0,44.0,-841.0,-638.0,107,110,151,60,53
2025-03-20 15:42:01.080,3145.0,-40.0,-640.0,-19.0,-1119.0,-592.0,111,67,147,66,52
2025-03-20 15:42:01.093,5891.0,-3263.0,3366.0,211.0,-650.0,-254.0,126,95,146,73,53
2025-03-20 15:42:01.128,3719.0,-2483.0,4050.0,269.0,132.0,-17.0,128,44,144,75,63
2025-03-20 15:42:01.153,1089.0,-1380.0,2307.0,137.0,267.0,61.0,123,76,145,78,61
2025-03-20 15:42:01.178,378.0,-1488.0,1343.0,-3.0,188.0,126.0,125,84,147,73,57
2025-03-20 15:42:01.201,92.0,-1202.0,1069.0,53.0,192.0,141.0,127,82,141,73,63
2025-03-20 15:42:01.221,-1.0,-798.0,802.0,94.0,219.0,157.0,130,56,141,69,63
2025-03-20 15:42:01.248,-46.0,-641.0,650.0,158.0,229.0,162.0,133,55,140,62,67
2025-03-20 15:42:01.273,-332.0,-105.0,342.0,137.0,189.0,190.0,130,39,126,80,72
2025-03-20 15:42:01.297,-391.0,5.0,33.0,168.0,95.0,175.0,128,43,118,74,78
2025-03-20 15:42:01.320,-375.0,61.0,181.0,125.0,33.0,169.0,129,48,113,67,76
2025-03-20 15:42:01.344,-271.0,-73.0,380.0,148.0,18.0,183.0,131,37,100,57,87
2025-03-20 15:42:01.368,-280.0,248.0,194.0,183.0,-31.0,146.0,131,37,97,74,77
2025-03-20 15:42:01.394,-429.0,879.0,206.0,220.0,-83.0,128.0,132,41,97,66,67
2025-03-20 15:42:01.416,-920.0,1932.0,182.0,186.0,-89.0,59.0,132,42,96,73,78
2025-03-20 15:42:01.439,-1711.0,2860.0,-452.0,161.0,-97.0,-131.0,130,47,91,77,101
2025-03-20 15:42:01.465,-2080.0,3275.0,-1124.0,259.0,-185.0,-313.0,129,43,92,87,98
2025-03-20 15:42:01.487,-1109.0,2901.0,-655.0,189.0,-401.0,-359.0,128,43,89,85,101
2025-03-20 15:42:01.512,1833.0,257.0,961.0,88.0,-501.0,-285.0,130,35,91,88,105
2025-03-20 15:42:01.537,3036.0,-854.0,2429.0,126.0,-322.0,-144.0,134,32,93,79,114
2025-03-20 15:42:01.561,2838.0,-1174.0,2579.0,-64.0,-129.0,21.0,133,29,93,77,112
2025-03-20 15:42:01.584,2070.0,-2289.0,3431.0,-83.0,138.0,43.0,136,6,100,88,64
2025-03-20 15:42:01.608,591.0,15.0,1583.0,14.0,241.0,59.0,136,25,101,92,107
2025-03-20 15:42:01.633,-67.0,293.0,1477.0,-66.0,166.0,91.0,136,48,106,101,118
2025-03-20 15:42:01.657,-258.0,543.0,984.0,-87.0,131.0,93.0,133,41,104,96,130
2025-03-20 15:42:01.682,-217.0,541.0,904.0,-56.0,162.0,73.0,129,32,103,81,128
2025-03-20 15:42:01.706,-363.0,692.0,710.0,-27.0,195.0,52.0,123,39,102,89,119
2025-03-20 15:42:01.730,-389.0,645.0,438.0,-21.0,165.0,47.0,128,34,102,88,117
2025-03-20 15:42:01.752,-442.0,564.0,451.0,-38.0,120.0,56.0,128,29,103,85,114
2025-03-20 15:42:01.773,-302.0,415.0,492.0,-42.0,131.0,62.0,129,34,106,71,108
2025-03-20 15:42:01.801,-314.0,385.0,367.0,-1.0,140.0,72.0,129,36,106,68,89
2025-03-20 15:42:01.825,-636.0,959.0,81.0,3.0,100.0,54.0,130,35,108,67,112
2025-03-20 15:42:01.850,-923.0,1628.0,-242.0,-19.0,104.0,20.0,127,35,109,70,111
2025-03-20 15:42:01.874,-2060.0,2257.0,-2089.0,25.0,122.0,-80.0,125,30,106,44,104
2025-03-20 15:42:01.898,-2751.0,2473.0,-3495.0,126.0,-272.0,-214.0,121,46,98,50,111
2025-03-20 15:42:01.922,147.0,2032.0,-804.0,163.0,-698.0,-268.0,121,47,101,64,104
2025-03-20 15:42:01.944,3051.0,12.0,2758.0,179.0,-575.0,-154.0,129,36,116,61,114
2025-03-20 15:42:01.969,3023.0,-290.0,4219.0,44.0,-153.0,-94.0,131,43,122,72,121
2025-03-20 15:42:01.993,2097.0,-682.0,3214.0,-90.0,92.0,-5.0,132,25,124,83,123
2025-03-20 15:42:02.018,972.0,-525.0,2462.0,-132.0,193.0,55.0,133,42,121,84,98
2025-03-20 15:42:02.040,168.0,95.0,1840.0,-113.0,286.0,63.0,133,31,123,91,125
2025-03-20 15:42:02.065,-345.0,735.0,1406.0,-191.0,271.0,73.0,135,47,123,97,130
2025-03-20 15:42:02.090,-536.0,811.0,1023.0,-248.0,268.0,60.0,137,52,124,82,118
2025-03-20 15:42:02.112,-482.0,490.0,829.0,-238.0,253.0,49.0,132,42,113,83,123
2025-03-20 15:42:02.136,-345.0,798.0,905.0,-304.0,294.0,39.0,133,37,109,72,120
2025-03-20 15:42:02.161,-61.0,79.0,527.0,-265.0,374.0,56.0,129,47,104,78,100
2025-03-20 15:42:02.185,-266.0,527.0,237.0,-185.0,408.0,72.0,131,43,101,81,71
2025-03-20 15:42:02.210,-430.0,1030.0,73.0,-252.0,406.0,15.0,132,46,100,74,55
2025-03-20 15:42:02.234,-413.0,901.0,-726.0,-184.0,353.0,-27.0,131,42,100,72,67
2025-03-20 15:42:02.258,-542.0,1333.0,-1938.0,-104.0,211.0,-64.0,124,41,92,55,64
2025-03-20 15:42:02.280,-348.0,2366.0,-4462.0,-139.0,-64.0,-277.0,114,41,84,56,48
2025-03-20 15:42:02.304,-156.0,2289.0,-5246.0,-163.0,-576.0,-583.0,106,44,81,36,51
2025-03-20 15:42:02.329,2085.0,1054.0,-3951.0,-180.0,-1044.0,-798.0,108,32,77,30,46
2025-03-20 15:42:02.353,6448.0,-2995.0,541.0,321.0,-1253.0,-366.0,104,16,83,64,47
2025-03-20 15:42:02.378,6634.0,-2162.0,5852.0,394.0,-186.0,19.0,103,43,89,70,49
2025-03-20 15:42:02.402,1197.0,-2609.0,3449.0,180.0,160.0,57.0,86,47,89,67,54
2025-03-20 15:42:02.422,-193.0,-1038.0,2931.0,-251.0,88.0,87.0,97,39,89,73,54
2025-03-20 15:42:02.448,195.0,-1932.0,2260.0,-224.0,180.0,123.0,92,42,89,70,54
2025-03-20 15:42:02.472,-263.0,-1340.0,1335.0,-63.0,231.0,129.0,108,42,91,71,57
2025-03-20 15:42:02.494,-266.0,-559.0,1005.0,-146.0,251.0,151.0,104,36,90,71,57
2025-03-20 15:42:02.521,-312.0,-680.0,615.0,-198.0,228.0,169.0,100,13,85,67,53
2025-03-20 15:42:02.546,-249.0,-403.0,454.0,-167.0,200.0,197.0,101,37,90,67,56
2025-03-20 15:42:02.567,34.0,-221.0,383.0,-41.0,248.0,157.0,105,40,90,70,55
2025-03-20 15:42:02.592,-230.0,80.0,92.0,-53.0,296.0,177.0,103,37,90,69,57
2025-03-20 15:42:02.616,-223.0,51.0,-230.0,-51.0,241.0,176.0,100,42,90,72,57
2025-03-20 15:42:02.640,-305.0,109.0,-313.0,-39.0,160.0,191.0,100,41,93,75,57
2025-03-20 15:42:02.665,-109.0,-78.0,-120.0,50.0,149.0,204.0,106,36,92,75,61
2025-03-20 15:42:02.680,-367.0,725.0,-717.0,128.0,130.0,222.0,102,44,91,75,62
2025-03-20 15:42:02.713,-285.0,2332.0,-1989.0,192.0,41.0,74.0,107,46,89,76,62
2025-03-20 15:42:02.738,-973.0,3826.0,-4010.0,114.0,-264.0,-359.0,95,42,81,71,56
2025-03-20 15:42:02.763,-219.0,3646.0,-4445.0,74.0,-867.0,-825.0,101,29,81,70,53
2025-03-20 15:42:02.784,5687.0,511.0,23.0,52.0,-1363.0,-819.0,95,5,87,73,54
2025-03-20 15:42:02.808,8538.0,-7194.0,8260.0,346.0,142.0,-19.0,83,30,93,74,57
2025-03-20 15:42:02.832,-202.0,-1039.0,1584.0,347.0,200.0,84.0,90,42,89,71,55
2025-03-20 15:42:02.857,82.0,-1791.0,2746.0,-251.0,66.0,10.0,77,39,88,47,55
2025-03-20 15:42:02.881,-531.0,-1279.0,995.0,-14.0,131.0,60.0,88,46,86,58,59
2025-03-20 15:42:02.906,-906.0,-64.0,316.0,-92.0,40.0,-11.0,94,46,87,71,60
2025-03-20 15:42:02.931,-561.0,-652.0,392.0,-86.0,-35.0,-34.0,92,46,87,64,57
2025-03-20 15:42:02.949,50.0,-1168.0,830.0,-16.0,7.0,-3.0,94,47,86,74,57
2025-03-20 15:42:02.976,38.0,-789.0,663.0,46.0,65.0,44.0,95,48,85,64,57
2025-03-20 15:42:03.000,-442.0,-365.0,466.0,11.0,25.0,27.0,90,46,86,77,57
2025-03-20 15:42:03.025,-331.0,-495.0,608.0,-38.0,-26.0,3.0,93,46,88,78,58
2025-03-20 15:42:03.044,-81.0,-824.0,854.0,32.0,36.0,31.0,94,50,88,77,59
2025-03-20 15:42:03.073,-376.0,-324.0,605.0,43.0,45.0,29.0,98,49,88,78,58
2025-03-20 15:42:03.098,-541.0,-345.0,469.0,-13.0,-11.0,-8.0,97,49,88,78,59
2025-03-20 15:42:03.119,-163.0,-762.0,888.0,-16.0,-14.0,-14.0,99,50,91,77,59
2025-03-20 15:42:03.135,-134.0,-776.0,829.0,19.0,35.0,9.0,92,42,85,76,56
2025-03-20 15:42:03.168,-388.0,-488.0,578.0,-5.0,20.0,-2.0,93,43,87,76,57
2025-03-20 15:42:03.193,-352.0,-625.0,609.0,-47.0,-21.0,-19.0,94,45,83,77,57
2025-03-20 15:42:03.216,-166.0,-930.0,764.0,0.0,-1.0,4.0,97,43,87,77,58
2025-03-20 15:42:03.241,-351.0,-607.0,697.0,13.0,16.0,9.0,99,47,88,79,59
2025-03-20 15:42:03.266,-449.0,-493.0,658.0,-18.0,-5.0,-7.0,100,48,89,80,60
2025-03-20 15:42:03.288,-314.0,-796.0,747.0,-12.0,-14.0,-9.0,96,49,89,80,60
2025-03-20 15:42:03.312,-195.0,-769.0,840.0,11.0,13.0,7.0,104,51,92,87,63
2025-03-20 15:42:03.336,-372.0,-648.0,670.0,-7.0,11.0,4.0,101,50,90,80,61
2025-03-20 15:42:03.360,-371.0,-690.0,656.0,-32.0,-7.0,-6.0,97,47,88,78,59
2025-03-20 15:42:03.385,-271.0,-823.0,666.0,7.0,2.0,7.0,99,45,87,78,58
2025-03-20 15:42:03.410,-345.0,-574.0,656.0,18.0,12.0,8.0,100,46,88,78,58
2025-03-20 15:42:03.432,-362.0,-573.0,658.0,-11.0,-11.0,-3.0,100,45,91,87,61
2025-03-20 15:42:03.456,-224.0,-877.0,805.0,-8.0,0.0,3.0,102,48,90,81,61
2025-03-20 15:42:03.480,-286.0,-694.0,736.0,30.0,18.0,18.0,103,50,90,81,60
2025-03-20 15:42:03.504,-409.0,-525.0,627.0,1.0,5.0,9.0,102,48,90,82,61
2025-03-20 15:42:03.529,-401.0,-546.0,702.0,-29.0,-17.0,-9.0,102,46,90,80,61
2025-03-20 15:42:03.553,-210.0,-924.0,787.0,25.0,13.0,13.0,99,45,86,77,58
2025-03-20 15:42:03.578,-327.0,-590.0,692.0,30.0,26.0,19.0,97,47,88,78,58
2025-03-20 15:42:03.599,-410.0,-490.0,641.0,-5.0,3.0,2.0,97,46,87,78,59
2025-03-20 15:42:03.623,-328.0,-680.0,745.0,-25.0,-9.0,-6.0,99,48,90,78,58
2025-03-20 15:42:03.648,-302.0,-770.0,754.0,21.0,18.0,13.0,101,48,92,79,60
2025-03-20 15:42:03.672,-389.0,-549.0,666.0,16.0,17.0,10.0,103,51,90,78,61
2025-03-20 15:42:03.695,-452.0,-500.0,609.0,-19.0,-9.0,-6.0,101,48,90,80,61
2025-03-20 15:42:03.721,-314.0,-780.0,753.0,-15.0,-13.0,-5.0,102,51,89,78,61
2025-03-20 15:42:03.746,-319.0,-707.0,741.0,25.0,15.0,11.0,101,51,90,79,66
2025-03-20 15:42:03.767,-404.0,-533.0,691.0,9.0,12.0,4.0,99,49,88,78,59
2025-03-20 15:42:03.792,-409.0,-610.0,706.0,-17.0,-4.0,-5.0,99,46,88,78,58
2025-03-20 15:42:03.814,-346.0,-717.0,714.0,7.0,1.0,3.0,100,50,88,80,58
2025-03-20 15:42:03.840,-388.0,-593.0,695.0,8.0,4.0,2.0,101,51,90,78,60
2025-03-20 15:42:03.863,-408.0,-564.0,686.0,-12.0,-5.0,-6.0,102,51,89,77,60
2025-03-20 15:42:03.889,-314.0,-802.0,747.0,3.0,4.0,1.0,102,52,89,79,61
2025-03-20 15:42:03.914,-383.0,-613.0,692.0,6.0,7.0,5.0,105,52,90,80,61
2025-03-20 15:42:03.931,-435.0,-577.0,647.0,-9.0,-5.0,-3.0,101,52,89,80,60
2025-03-20 15:42:03.959,-311.0,-747.0,747.0,-2.0,-1.0,0.0,100,49,87,78,58
2025-03-20 15:42:03.984,-368.0,-658.0,688.0,6.0,7.0,7.0,100,50,87,77,58
2025-03-20 15:42:04.008,-383.0,-611.0,677.0,1.0,2.0,4.0,100,50,87,77,59
2025-03-20 15:42:04.033,-379.0,-601.0,702.0,-11.0,-6.0,-1.0,100,48,88,78,58
2025-03-20 15:42:04.057,-371.0,-645.0,695.0,1.0,4.0,3.0,102,53,90,80,61
2025-03-20 15:42:04.082,-388.0,-616.0,666.0,-2.0,-1.0,0.0,102,52,90,79,61
2025-03-20 15:42:04.106,-405.0,-601.0,661.0,-14.0,-10.0,-2.0,103,51,90,79,61
2025-03-20 15:42:04.128,-306.0,-736.0,744.0,5.0,4.0,5.0,103,52,90,79,61
2025-03-20 15:42:04.151,-372.0,-648.0,700.0,16.0,12.0,11.0,103,53,90,78,61
2025-03-20 15:42:04.176,-439.0,-526.0,638.0,-1.0,2.0,4.0,99,49,87,76,59
2025-03-20 15:42:04.201,-414.0,-600.0,691.0,-24.0,-17.0,-6.0,100,50,88,76,59
2025-03-20 15:42:04.225,-335.0,-754.0,754.0,-2.0,-3.0,2.0,101,50,88,77,59
2025-03-20 15:42:04.249,-400.0,-600.0,714.0,2.0,5.0,2.0,102,51,89,78,60
2025-03-20 15:42:04.273,-417.0,-595.0,675.0,-10.0,-5.0,-3.0,102,50,90,78,60
2025-03-20 15:42:04.294,-356.0,-731.0,727.0,-7.0,-3.0,0.0,104,52,91,78,61
2025-03-20 15:42:04.320,-378.0,-662.0,716.0,5.0,6.0,6.0,103,52,90,79,60
2025-03-20 15:42:04.344,-435.0,-576.0,688.0,0.0,5.0,2.0,103,52,91,79,62
2025-03-20 15:42:04.369,-425.0,-608.0,712.0,-14.0,-2.0,-4.0,101,48,89,77,60
2025-03-20 15:42:04.393,-375.0,-705.0,732.0,-4.0,4.0,0.0,101,50,89,78,59
2025-03-20 15:42:04.417,-358.0,-705.0,725.0,7.0,14.0,9.0,101,50,89,77,59
2025-03-20 15:42:04.442,-440.0,-539.0,637.0,-1.0,12.0,6.0,101,51,88,77,59
2025-03-20 15:42:04.466,-460.0,-579.0,586.0,-24.0,-10.0,-7.0,102,48,90,79,60
2025-03-20 15:42:04.488,-335.0,-756.0,676.0,-1.0,0.0,2.0,103,52,90,79,61
2025-03-20 15:42:04.512,-403.0,-578.0,631.0,1.0,3.0,3.0,103,51,91,80,61
2025-03-20 15:42:04.537,-439.0,-574.0,620.0,-18.0,-13.0,-7.0,103,49,91,78,61
2025-03-20 15:42:04.561,-346.0,-785.0,716.0,2.0,-6.0,2.0,103,52,90,80,61
2025-03-20 15:42:04.585,-417.0,-584.0,687.0,1.0,-5.0,2.0,100,49,85,77,58
2025-03-20 15:42:04.609,-427.0,-611.0,688.0,-12.0,-10.0,-5.0,101,49,88,77,60
2025-03-20 15:42:04.631,-333.0,-803.0,761.0,0.0,0.0,4.0,101,48,88,77,59
2025-03-20 15:42:04.648,-399.0,-625.0,697.0,13.0,7.0,8.0,101,50,87,77,60
2025-03-20 15:42:04.680,-453.0,-546.0,649.0,-8.0,-8.0,-2.0,102,51,90,78,60
2025-03-20 15:42:04.704,-345.0,-768.0,751.0,-11.0,-7.0,-2.0,103,50,91,83,62
2025-03-20 15:42:04.726,-383.0,-666.0,702.0,15.0,9.0,9.0,104,53,91,71,61
2025-03-20 15:42:04.753,-461.0,-534.0,639.0,-5.0,-2.0,0.0,104,51,91,83,61
2025-03-20 15:42:04.778,-399.0,-646.0,694.0,-12.0,-10.0,-5.0,103,45,89,77,60
2025-03-20 15:42:04.799,-358.0,-690.0,710.0,9.0,3.0,5.0,100,47,88,78,59
2025-03-20 15:42:04.823,-384.0,-638.0,704.0,6.0,7.0,5.0,101,50,89,76,59
2025-03-20 15:42:04.847,-440.0,-598.0,666.0,-6.0,-2.0,1.0,101,48,89,77,60
2025-03-20 15:42:04.872,-390.0,-707.0,708.0,-5.0,-2.0,2.0,103,52,91,78,61
2025-03-20 15:42:04.894,-420.0,-617.0,692.0,7.0,5.0,4.0,103,51,91,78,61
